year,birth_country,category,count,id,country,gdp_nominal,gdp_abbrev,gdp_growth,population,gdp_per_capita,share_of_world_gdp,average_iq,averageIqByCountry_sourceLynnBecker2019,AverageIQ_ICI2017Grade,AverageIQ_ICI2017Score,OverallPisaScore2022,PISAScoresMathScore2022,PISAScoresScienceScore2022,PISAScoresReadingScore2022,latest_year_data,tertiary_percentage
1901,France,LiteraturePeace,2,7,France,2782910000000,$2.783 trillion,2.56%,64626628,43061,2.77%,96.69,T,A-,56.7,1435.0,474.0,487.0,474.0,2022.0,70.794189453125
1901,Germany,Physics,1,4,Germany,4072190000000,$4.072 trillion,1.79%,83369843,48845,4.05%,100.74,T,A,64.2,1447.0,475.0,492.0,480.0,2021.0,75.6655426025391
1901,Netherlands,Chemistry,1,18,Netherlands,991115000000,$991 billion,4.48%,17564014,56429,0.99%,100.74,T,A-,58.7,1440.0,493.0,488.0,459.0,2021.0,88.9542617797852
1901,Poland,Medicine,1,21,Poland,688177000000,$688 billion,4.87%,39857145,17266,0.68%,96.35,T,B,45.6,1477.0,489.0,499.0,489.0,2022.0,73.979377746582
1901,Switzerland,Peace,1,20,Switzerland,807706000000,$808 billion,2.06%,8740472,92410,0.80%,99.24,T,A,61.6,1494.0,508.0,503.0,483.0,2022.0,74.1526794433594
1902,Germany,ChemistryLiterature,2,4,Germany,4072190000000,$4.072 trillion,1.79%,83369843,48845,4.05%,100.74,T,A,64.2,1447.0,475.0,492.0,480.0,2021.0,75.6655426025391
1902,India,Medicine,1,5,India,3385090000000,$3.385 trillion,7.00%,1417173173,2389,3.37%,76.24,T,C-,29.4,,,,,2023.0,33.117000579834
1902,Netherlands,Physics,2,18,Netherlands,991115000000,$991 billion,4.48%,17564014,56429,0.99%,100.74,T,A-,58.7,1440.0,493.0,488.0,459.0,2021.0,88.9542617797852
1902,Switzerland,Peace,2,20,Switzerland,807706000000,$808 billion,2.06%,8740472,92410,0.80%,99.24,T,A,61.6,1494.0,508.0,503.0,483.0,2022.0,74.1526794433594
1903,Denmark,Medicine,1,39,Denmark,395404000000,$395 billion,3.82%,5882261,67220,0.39%,97.83,T,A,60.3,1472.0,489.0,494.0,489.0,2022.0,84.5866088867188
1903,France,Physics,2,7,France,2782910000000,$2.783 trillion,2.56%,64626628,43061,2.77%,96.69,T,A-,56.7,1435.0,474.0,487.0,474.0,2022.0,70.794189453125
1903,Norway,Literature,1,24,Norway,579267000000,$579 billion,3.28%,5434319,106594,0.58%,97.13,T,B+,55.0,1423.0,468.0,478.0,477.0,2021.0,93.9243011474609
1903,Poland,Physics,1,21,Poland,688177000000,$688 billion,4.87%,39857145,17266,0.68%,96.35,T,B,45.6,1477.0,489.0,499.0,489.0,2022.0,73.979377746582
1903,Sweden,Chemistry,1,23,Sweden,585939000000,$586 billion,2.64%,10549347,55543,0.58%,97.0,T,A,61.6,1463.0,482.0,494.0,487.0,2022.0,83.8976135253906
1903,United Kingdom,Peace,1,6,United Kingdom,3070670000000,$3.071 trillion,4.10%,67508936,45485,3.05%,99.12,T,A,64.2,1483.0,489.0,500.0,494.0,2022.0,82.6516494750977
1904,France,Literature,1,7,France,2782910000000,$2.783 trillion,2.56%,64626628,43061,2.77%,96.69,T,A-,56.7,1435.0,474.0,487.0,474.0,2022.0,70.794189453125
1904,Russia,Medicine,1,8,Russia,2240420000000,$2.240 trillion,-2.07%,144713314,15482,2.23%,96.29,T,B,46.6,,,,,2022.0,56.617000579834
1904,Spain,Literature,1,15,Spain,1397510000000,$1.398 trillion,5.45%,47558630,29385,1.39%,93.9,T,B,49.8,1432.0,473.0,485.0,474.0,2021.0,94.5903778076172
1904,United Kingdom,ChemistryPhysics,2,6,United Kingdom,3070670000000,$3.071 trillion,4.10%,67508936,45485,3.05%,99.12,T,A,64.2,1483.0,489.0,500.0,494.0,2022.0,82.6516494750977
1905,Germany,ChemistryMedicine,2,4,Germany,4072190000000,$4.072 trillion,1.79%,83369843,48845,4.05%,100.74,T,A,64.2,1447.0,475.0,492.0,480.0,2021.0,75.6655426025391
1905,Poland,Literature,1,21,Poland,688177000000,$688 billion,4.87%,39857145,17266,0.68%,96.35,T,B,45.6,1477.0,489.0,499.0,489.0,2022.0,73.979377746582
1905,Slovakia,Physics,1,61,Slovakia,115469000000,$115 billion,1.67%,5643453,20461,0.11%,96.32,T,B-,43.6,1373.0,464.0,462.0,447.0,2022.0,52.4959106445312
1906,France,Chemistry,1,7,France,2782910000000,$2.783 trillion,2.56%,64626628,43061,2.77%,96.69,T,A-,56.7,1435.0,474.0,487.0,474.0,2022.0,70.794189453125
1906,Italy,LiteratureMedicine,2,10,Italy,2010430000000,$2.010 trillion,3.67%,59037474,34053,2.00%,94.23,T,B,48.0,1430.0,471.0,477.0,482.0,2021.0,71.2871170043945
1906,Spain,Medicine,1,15,Spain,1397510000000,$1.398 trillion,5.45%,47558630,29385,1.39%,93.9,T,B,49.8,1432.0,473.0,485.0,474.0,2021.0,94.5903778076172
1906,United Kingdom,Physics,1,6,United Kingdom,3070670000000,$3.071 trillion,4.10%,67508936,45485,3.05%,99.12,T,A,64.2,1483.0,489.0,500.0,494.0,2022.0,82.6516494750977
1906,United States,Peace,1,1,United States,25462700000000,$25.463 trillion,2.06%,338289857,75269,25.32%,97.43,T,A+,74.9,1468.0,465.0,499.0,504.0,2022.0,79.361930847168
1907,France,MedicinePeace,2,7,France,2782910000000,$2.783 trillion,2.56%,64626628,43061,2.77%,96.69,T,A-,56.7,1435.0,474.0,487.0,474.0,2022.0,70.794189453125
1907,Germany,Chemistry,1,4,Germany,4072190000000,$4.072 trillion,1.79%,83369843,48845,4.05%,100.74,T,A,64.2,1447.0,475.0,492.0,480.0,2021.0,75.6655426025391
1907,India,Literature,1,5,India,3385090000000,$3.385 trillion,7.00%,1417173173,2389,3.37%,76.24,T,C-,29.4,,,,,2023.0,33.117000579834
1907,Italy,Peace,1,10,Italy,2010430000000,$2.010 trillion,3.67%,59037474,34053,2.00%,94.23,T,B,48.0,1430.0,471.0,477.0,482.0,2021.0,71.2871170043945
1907,Poland,Physics,1,21,Poland,688177000000,$688 billion,4.87%,39857145,17266,0.68%,96.35,T,B,45.6,1477.0,489.0,499.0,489.0,2022.0,73.979377746582
1908,Denmark,Peace,1,39,Denmark,395404000000,$395 billion,3.82%,5882261,67220,0.39%,97.83,T,A,60.3,1472.0,489.0,494.0,489.0,2022.0,84.5866088867188
1908,Germany,Literature,1,4,Germany,4072190000000,$4.072 trillion,1.79%,83369843,48845,4.05%,100.74,T,A,64.2,1447.0,475.0,492.0,480.0,2021.0,75.6655426025391
1908,Luxembourg,Physics,1,69,Luxembourg,82274812251,$82.27 billion,1.55%,647599,127046,0.08%,99.87,E,B+,53.8,,,,,2021.0,20.7341499328613
1908,New Zealand,Chemistry,1,50,New Zealand,247234000000,$247 billion,2.16%,5185288,47680,0.25%,98.57,T,A-,57.3,1484.0,479.0,504.0,501.0,2021.0,79.4128875732422
1908,Poland,Medicine,2,21,Poland,688177000000,$688 billion,4.87%,39857145,17266,0.68%,96.35,T,B,45.6,1477.0,489.0,499.0,489.0,2022.0,73.979377746582
1908,Sweden,Peace,1,23,Sweden,585939000000,$586 billion,2.64%,10549347,55543,0.58%,97.0,T,A,61.6,1463.0,482.0,494.0,487.0,2022.0,83.8976135253906
1908,Ukraine,Medicine,1,58,Ukraine,160503000000,$161 billion,-29.10%,39701739,4043,0.16%,90.07,T,C+,38.3,1319.0,441.0,450.0,428.0,2022.0,70.7210006713867
1909,Belgium,Peace,1,25,Belgium,578604000000,$579 billion,3.25%,11655930,49640,0.58%,97.49,T,A-,58.7,1459.0,489.0,491.0,479.0,2021.0,82.6882019042969
1909,France,Peace,1,7,France,2782910000000,$2.783 trillion,2.56%,64626628,43061,2.77%,96.69,T,A-,56.7,1435.0,474.0,487.0,474.0,2022.0,70.794189453125
1909,Germany,Physics,1,4,Germany,4072190000000,$4.072 trillion,1.79%,83369843,48845,4.05%,100.74,T,A,64.2,1447.0,475.0,492.0,480.0,2021.0,75.6655426025391
1909,Italy,Physics,1,10,Italy,2010430000000,$2.010 trillion,3.67%,59037474,34053,2.00%,94.23,T,B,48.0,1430.0,471.0,477.0,482.0,2021.0,71.2871170043945
1909,Latvia,Chemistry,1,95,Latvia,41153912663,$41.15 billion,1.98%,1850651,22238,0.04%,94.79,T,B,45.8,1452.0,483.0,494.0,475.0,2022.0,91.3303680419922
1909,Sweden,Literature,1,23,Sweden,585939000000,$586 billion,2.64%,10549347,55543,0.58%,97.0,T,A,61.6,1463.0,482.0,494.0,487.0,2022.0,83.8976135253906
1909,Switzerland,Medicine,1,20,Switzerland,807706000000,$808 billion,2.06%,8740472,92410,0.80%,99.24,T,A,61.6,1494.0,508.0,503.0,483.0,2022.0,74.1526794433594
1910,Germany,LiteratureMedicine,2,4,Germany,4072190000000,$4.072 trillion,1.79%,83369843,48845,4.05%,100.74,T,A,64.2,1447.0,475.0,492.0,480.0,2021.0,75.6655426025391
1910,Netherlands,Physics,1,18,Netherlands,991115000000,$991 billion,4.48%,17564014,56429,0.99%,100.74,T,A-,58.7,1440.0,493.0,488.0,459.0,2021.0,88.9542617797852
1910,Russia,Chemistry,1,8,Russia,2240420000000,$2.240 trillion,-2.07%,144713314,15482,2.23%,96.29,T,B,46.6,,,,,2022.0,56.617000579834
1911,Austria,Peace,1,32,Austria,471400000000,$471 billion,5.00%,8939617,52732,0.47%,98.38,T,A-,58.7,1458.0,487.0,491.0,480.0,2021.0,93.940071105957
1911,Belgium,Literature,1,25,Belgium,578604000000,$579 billion,3.25%,11655930,49640,0.58%,97.49,T,A-,58.7,1459.0,489.0,491.0,479.0,2021.0,82.6882019042969
1911,Netherlands,Peace,1,18,Netherlands,991115000000,$991 billion,4.48%,17564014,56429,0.99%,100.74,T,A-,58.7,1440.0,493.0,488.0,459.0,2021.0,88.9542617797852
1911,Poland,Chemistry,1,21,Poland,688177000000,$688 billion,4.87%,39857145,17266,0.68%,96.35,T,B,45.6,1477.0,489.0,499.0,489.0,2022.0,73.979377746582
1911,Russia,Physics,1,8,Russia,2240420000000,$2.240 trillion,-2.07%,144713314,15482,2.23%,96.29,T,B,46.6,,,,,2022.0,56.617000579834
1911,Sweden,Medicine,1,23,Sweden,585939000000,$586 billion,2.64%,10549347,55543,0.58%,97.0,T,A,61.6,1463.0,482.0,494.0,487.0,2022.0,83.8976135253906
1912,France,ChemistryMedicine,3,7,France,2782910000000,$2.783 trillion,2.56%,64626628,43061,2.77%,96.69,T,A-,56.7,1435.0,474.0,487.0,474.0,2022.0,70.794189453125
1912,Germany,Literature,1,4,Germany,4072190000000,$4.072 trillion,1.79%,83369843,48845,4.05%,100.74,T,A,64.2,1447.0,475.0,492.0,480.0,2021.0,75.6655426025391
1912,Sweden,Physics,1,23,Sweden,585939000000,$586 billion,2.64%,10549347,55543,0.58%,97.0,T,A,61.6,1463.0,482.0,494.0,487.0,2022.0,83.8976135253906
1912,United States,Peace,1,1,United States,25462700000000,$25.463 trillion,2.06%,338289857,75269,25.32%,97.43,T,A+,74.9,1468.0,465.0,499.0,504.0,2022.0,79.361930847168
1913,Belgium,Peace,1,25,Belgium,578604000000,$579 billion,3.25%,11655930,49640,0.58%,97.49,T,A-,58.7,1459.0,489.0,491.0,479.0,2021.0,82.6882019042969
1913,France,ChemistryMedicine,2,7,France,2782910000000,$2.783 trillion,2.56%,64626628,43061,2.77%,96.69,T,A-,56.7,1435.0,474.0,487.0,474.0,2022.0,70.794189453125
1913,India,Literature,1,5,India,3385090000000,$3.385 trillion,7.00%,1417173173,2389,3.37%,76.24,T,C-,29.4,,,,,2023.0,33.117000579834
1913,Netherlands,Physics,1,18,Netherlands,991115000000,$991 billion,4.48%,17564014,56429,0.99%,100.74,T,A-,58.7,1440.0,493.0,488.0,459.0,2021.0,88.9542617797852
1914,Austria,Medicine,1,32,Austria,471400000000,$471 billion,5.00%,8939617,52732,0.47%,98.38,T,A-,58.7,1458.0,487.0,491.0,480.0,2021.0,93.940071105957
1914,Germany,Physics,1,4,Germany,4072190000000,$4.072 trillion,1.79%,83369843,48845,4.05%,100.74,T,A,64.2,1447.0,475.0,492.0,480.0,2021.0,75.6655426025391
1914,United States,Chemistry,1,1,United States,25462700000000,$25.463 trillion,2.06%,338289857,75269,25.32%,97.43,T,A+,74.9,1468.0,465.0,499.0,504.0,2022.0,79.361930847168
1915,Australia,Physics,1,12,Australia,1675420000000,$1.675 trillion,3.62%,26177413,64003,1.67%,99.24,T,A,64.0,1492.0,487.0,507.0,498.0,2022.0,106.240760803223
1915,France,Literature,1,7,France,2782910000000,$2.783 trillion,2.56%,64626628,43061,2.77%,96.69,T,A-,56.7,1435.0,474.0,487.0,474.0,2022.0,70.794189453125
1915,Germany,Chemistry,1,4,Germany,4072190000000,$4.072 trillion,1.79%,83369843,48845,4.05%,100.74,T,A,64.2,1447.0,475.0,492.0,480.0,2021.0,75.6655426025391
1915,United Kingdom,Physics,1,6,United Kingdom,3070670000000,$3.071 trillion,4.10%,67508936,45485,3.05%,99.12,T,A,64.2,1483.0,489.0,500.0,494.0,2022.0,82.6516494750977
1916,Sweden,Literature,1,23,Sweden,585939000000,$586 billion,2.64%,10549347,55543,0.58%,97.0,T,A,61.6,1463.0,482.0,494.0,487.0,2022.0,83.8976135253906
1917,Denmark,Literature,2,39,Denmark,395404000000,$395 billion,3.82%,5882261,67220,0.39%,97.83,T,A,60.3,1472.0,489.0,494.0,489.0,2022.0,84.5866088867188
1917,United Kingdom,Physics,1,6,United Kingdom,3070670000000,$3.071 trillion,4.10%,67508936,45485,3.05%,99.12,T,A,64.2,1483.0,489.0,500.0,494.0,2022.0,82.6516494750977
1918,Germany,Physics,1,4,Germany,4072190000000,$4.072 trillion,1.79%,83369843,48845,4.05%,100.74,T,A,64.2,1447.0,475.0,492.0,480.0,2021.0,75.6655426025391
1918,Poland,Chemistry,1,21,Poland,688177000000,$688 billion,4.87%,39857145,17266,0.68%,96.35,T,B,45.6,1477.0,489.0,499.0,489.0,2022.0,73.979377746582
1919,Belgium,Medicine,1,25,Belgium,578604000000,$579 billion,3.25%,11655930,49640,0.58%,97.49,T,A-,58.7,1459.0,489.0,491.0,479.0,2021.0,82.6882019042969
1919,Germany,Physics,1,4,Germany,4072190000000,$4.072 trillion,1.79%,83369843,48845,4.05%,100.74,T,A,64.2,1447.0,475.0,492.0,480.0,2021.0,75.6655426025391
1919,Switzerland,Literature,1,20,Switzerland,807706000000,$808 billion,2.06%,8740472,92410,0.80%,99.24,T,A,61.6,1494.0,508.0,503.0,483.0,2022.0,74.1526794433594
1919,United States,Peace,1,1,United States,25462700000000,$25.463 trillion,2.06%,338289857,75269,25.32%,97.43,T,A+,74.9,1468.0,465.0,499.0,504.0,2022.0,79.361930847168
1920,Denmark,Medicine,1,39,Denmark,395404000000,$395 billion,3.82%,5882261,67220,0.39%,97.83,T,A,60.3,1472.0,489.0,494.0,489.0,2022.0,84.5866088867188
1920,France,Peace,1,7,France,2782910000000,$2.783 trillion,2.56%,64626628,43061,2.77%,96.69,T,A-,56.7,1435.0,474.0,487.0,474.0,2022.0,70.794189453125
1920,Germany,Chemistry,1,4,Germany,4072190000000,$4.072 trillion,1.79%,83369843,48845,4.05%,100.74,T,A,64.2,1447.0,475.0,492.0,480.0,2021.0,75.6655426025391
1920,Norway,Literature,1,24,Norway,579267000000,$579 billion,3.28%,5434319,106594,0.58%,97.13,T,B+,55.0,1423.0,468.0,478.0,477.0,2021.0,93.9243011474609
1920,Switzerland,Physics,1,20,Switzerland,807706000000,$808 billion,2.06%,8740472,92410,0.80%,99.24,T,A,61.6,1494.0,508.0,503.0,483.0,2022.0,74.1526794433594
1921,France,Literature,1,7,France,2782910000000,$2.783 trillion,2.56%,64626628,43061,2.77%,96.69,T,A-,56.7,1435.0,474.0,487.0,474.0,2022.0,70.794189453125
1921,Germany,Physics,1,4,Germany,4072190000000,$4.072 trillion,1.79%,83369843,48845,4.05%,100.74,T,A,64.2,1447.0,475.0,492.0,480.0,2021.0,75.6655426025391
1921,Norway,Peace,1,24,Norway,579267000000,$579 billion,3.28%,5434319,106594,0.58%,97.13,T,B+,55.0,1423.0,468.0,478.0,477.0,2021.0,93.9243011474609
1921,Sweden,Peace,1,23,Sweden,585939000000,$586 billion,2.64%,10549347,55543,0.58%,97.0,T,A,61.6,1463.0,482.0,494.0,487.0,2022.0,83.8976135253906
1921,United Kingdom,Chemistry,1,6,United Kingdom,3070670000000,$3.071 trillion,4.10%,67508936,45485,3.05%,99.12,T,A,64.2,1483.0,489.0,500.0,494.0,2022.0,82.6516494750977
1922,Denmark,Physics,1,39,Denmark,395404000000,$395 billion,3.82%,5882261,67220,0.39%,97.83,T,A,60.3,1472.0,489.0,494.0,489.0,2022.0,84.5866088867188
1922,Germany,Medicine,1,4,Germany,4072190000000,$4.072 trillion,1.79%,83369843,48845,4.05%,100.74,T,A,64.2,1447.0,475.0,492.0,480.0,2021.0,75.6655426025391
1922,Norway,Peace,1,24,Norway,579267000000,$579 billion,3.28%,5434319,106594,0.58%,97.13,T,B+,55.0,1423.0,468.0,478.0,477.0,2021.0,93.9243011474609
1922,Spain,Literature,1,15,Spain,1397510000000,$1.398 trillion,5.45%,47558630,29385,1.39%,93.9,T,B,49.8,1432.0,473.0,485.0,474.0,2021.0,94.5903778076172
1922,United Kingdom,ChemistryMedicine,2,6,United Kingdom,3070670000000,$3.071 trillion,4.10%,67508936,45485,3.05%,99.12,T,A,64.2,1483.0,489.0,500.0,494.0,2022.0,82.6516494750977
1923,Canada,Medicine,1,9,Canada,2139840000000,$2.140 trillion,3.40%,38454327,55646,2.13%,99.52,T,A,61.2,1519.0,497.0,515.0,507.0,2021.0,77.8022918701172
1923,Ireland,Literature,1,26,Ireland,529245000000,$529 billion,11.97%,5023109,105362,0.53%,95.13,T,B+,53.6,1512.0,492.0,504.0,516.0,2021.0,78.7776031494141
1923,Slovenia,Chemistry,1,83,Slovenia,62117768015,$62.12 billion,5.37%,2119844,29303,0.06%,98.6,T,B+,51.5,1454.0,485.0,500.0,469.0,2022.0,82.3922576904297
1923,United Kingdom,Medicine,1,6,United Kingdom,3070670000000,$3.071 trillion,4.10%,67508936,45485,3.05%,99.12,T,A,64.2,1483.0,489.0,500.0,494.0,2022.0,82.6516494750977
1923,United States,Physics,1,1,United States,25462700000000,$25.463 trillion,2.06%,338289857,75269,25.32%,97.43,T,A+,74.9,1468.0,465.0,499.0,504.0,2022.0,79.361930847168
1924,Indonesia,Medicine,1,16,Indonesia,1319100000000,$1.319 trillion,5.31%,275501339,4788,1.31%,78.49,T,D+,23.7,1108.0,366.0,383.0,359.0,2022.0,42.633171081543
1924,Poland,Literature,1,21,Poland,688177000000,$688 billion,4.87%,39857145,17266,0.68%,96.35,T,B,45.6,1477.0,489.0,499.0,489.0,2022.0,73.979377746582
1924,Sweden,Physics,1,23,Sweden,585939000000,$586 billion,2.64%,10549347,55543,0.58%,97.0,T,A,61.6,1463.0,482.0,494.0,487.0,2022.0,83.8976135253906
1925,Austria,Chemistry,1,32,Austria,471400000000,$471 billion,5.00%,8939617,52732,0.47%,98.38,T,A-,58.7,1458.0,487.0,491.0,480.0,2021.0,93.940071105957
1925,Germany,Physics,2,4,Germany,4072190000000,$4.072 trillion,1.79%,83369843,48845,4.05%,100.74,T,A,64.2,1447.0,475.0,492.0,480.0,2021.0,75.6655426025391
1925,Ireland,Literature,1,26,Ireland,529245000000,$529 billion,11.97%,5023109,105362,0.53%,95.13,T,B+,53.6,1512.0,492.0,504.0,516.0,2021.0,78.7776031494141
1925,United Kingdom,Peace,1,6,United Kingdom,3070670000000,$3.071 trillion,4.10%,67508936,45485,3.05%,99.12,T,A,64.2,1483.0,489.0,500.0,494.0,2022.0,82.6516494750977
1925,United States,Peace,1,1,United States,25462700000000,$25.463 trillion,2.06%,338289857,75269,25.32%,97.43,T,A+,74.9,1468.0,465.0,499.0,504.0,2022.0,79.361930847168
1926,Denmark,Medicine,1,39,Denmark,395404000000,$395 billion,3.82%,5882261,67220,0.39%,97.83,T,A,60.3,1472.0,489.0,494.0,489.0,2022.0,84.5866088867188
1926,France,PeacePhysics,2,7,France,2782910000000,$2.783 trillion,2.56%,64626628,43061,2.77%,96.69,T,A-,56.7,1435.0,474.0,487.0,474.0,2022.0,70.794189453125
1926,Germany,Peace,1,4,Germany,4072190000000,$4.072 trillion,1.79%,83369843,48845,4.05%,100.74,T,A,64.2,1447.0,475.0,492.0,480.0,2021.0,75.6655426025391
1926,Italy,Literature,1,10,Italy,2010430000000,$2.010 trillion,3.67%,59037474,34053,2.00%,94.23,T,B,48.0,1430.0,471.0,477.0,482.0,2021.0,71.2871170043945
1926,Sweden,Chemistry,1,23,Sweden,585939000000,$586 billion,2.64%,10549347,55543,0.58%,97.0,T,A,61.6,1463.0,482.0,494.0,487.0,2022.0,83.8976135253906
1927,Austria,Medicine,1,32,Austria,471400000000,$471 billion,5.00%,8939617,52732,0.47%,98.38,T,A-,58.7,1458.0,487.0,491.0,480.0,2021.0,93.940071105957
1927,France,LiteraturePeace,2,7,France,2782910000000,$2.783 trillion,2.56%,64626628,43061,2.77%,96.69,T,A-,56.7,1435.0,474.0,487.0,474.0,2022.0,70.794189453125
1927,Germany,ChemistryPeace,2,4,Germany,4072190000000,$4.072 trillion,1.79%,83369843,48845,4.05%,100.74,T,A,64.2,1447.0,475.0,492.0,480.0,2021.0,75.6655426025391
1927,United Kingdom,Physics,1,6,United Kingdom,3070670000000,$3.071 trillion,4.10%,67508936,45485,3.05%,99.12,T,A,64.2,1483.0,489.0,500.0,494.0,2022.0,82.6516494750977
1927,United States,Physics,1,1,United States,25462700000000,$25.463 trillion,2.06%,338289857,75269,25.32%,97.43,T,A+,74.9,1468.0,465.0,499.0,504.0,2022.0,79.361930847168
1928,Denmark,Literature,1,39,Denmark,395404000000,$395 billion,3.82%,5882261,67220,0.39%,97.83,T,A,60.3,1472.0,489.0,494.0,489.0,2022.0,84.5866088867188
1928,France,Medicine,1,7,France,2782910000000,$2.783 trillion,2.56%,64626628,43061,2.77%,96.69,T,A-,56.7,1435.0,474.0,487.0,474.0,2022.0,70.794189453125
1928,Germany,Chemistry,1,4,Germany,4072190000000,$4.072 trillion,1.79%,83369843,48845,4.05%,100.74,T,A,64.2,1447.0,475.0,492.0,480.0,2021.0,75.6655426025391
1928,United Kingdom,Physics,1,6,United Kingdom,3070670000000,$3.071 trillion,4.10%,67508936,45485,3.05%,99.12,T,A,64.2,1483.0,489.0,500.0,494.0,2022.0,82.6516494750977
1929,France,Physics,1,7,France,2782910000000,$2.783 trillion,2.56%,64626628,43061,2.77%,96.69,T,A-,56.7,1435.0,474.0,487.0,474.0,2022.0,70.794189453125
1929,Germany,ChemistryLiterature,2,4,Germany,4072190000000,$4.072 trillion,1.79%,83369843,48845,4.05%,100.74,T,A,64.2,1447.0,475.0,492.0,480.0,2021.0,75.6655426025391
1929,Netherlands,Medicine,1,18,Netherlands,991115000000,$991 billion,4.48%,17564014,56429,0.99%,100.74,T,A-,58.7,1440.0,493.0,488.0,459.0,2021.0,88.9542617797852
1929,United Kingdom,ChemistryMedicine,2,6,United Kingdom,3070670000000,$3.071 trillion,4.10%,67508936,45485,3.05%,99.12,T,A,64.2,1483.0,489.0,500.0,494.0,2022.0,82.6516494750977
1929,United States,Peace,1,1,United States,25462700000000,$25.463 trillion,2.06%,338289857,75269,25.32%,97.43,T,A+,74.9,1468.0,465.0,499.0,504.0,2022.0,79.361930847168
1930,Austria,Medicine,1,32,Austria,471400000000,$471 billion,5.00%,8939617,52732,0.47%,98.38,T,A-,58.7,1458.0,487.0,491.0,480.0,2021.0,93.940071105957
1930,Germany,Chemistry,1,4,Germany,4072190000000,$4.072 trillion,1.79%,83369843,48845,4.05%,100.74,T,A,64.2,1447.0,475.0,492.0,480.0,2021.0,75.6655426025391
1930,India,Physics,1,5,India,3385090000000,$3.385 trillion,7.00%,1417173173,2389,3.37%,76.24,T,C-,29.4,,,,,2023.0,33.117000579834
1930,Sweden,Peace,1,23,Sweden,585939000000,$586 billion,2.64%,10549347,55543,0.58%,97.0,T,A,61.6,1463.0,482.0,494.0,487.0,2022.0,83.8976135253906
1930,United States,Literature,1,1,United States,25462700000000,$25.463 trillion,2.06%,338289857,75269,25.32%,97.43,T,A+,74.9,1468.0,465.0,499.0,504.0,2022.0,79.361930847168
1931,Germany,ChemistryMedicine,3,4,Germany,4072190000000,$4.072 trillion,1.79%,83369843,48845,4.05%,100.74,T,A,64.2,1447.0,475.0,492.0,480.0,2021.0,75.6655426025391
1931,Poland,Chemistry,2,21,Poland,688177000000,$688 billion,4.87%,39857145,17266,0.68%,96.35,T,B,45.6,1477.0,489.0,499.0,489.0,2022.0,73.979377746582
1931,Sweden,Literature,1,23,Sweden,585939000000,$586 billion,2.64%,10549347,55543,0.58%,97.0,T,A,61.6,1463.0,482.0,494.0,487.0,2022.0,83.8976135253906
1931,United States,Peace,2,1,United States,25462700000000,$25.463 trillion,2.06%,338289857,75269,25.32%,97.43,T,A+,74.9,1468.0,465.0,499.0,504.0,2022.0,79.361930847168
1932,Germany,Physics,1,4,Germany,4072190000000,$4.072 trillion,1.79%,83369843,48845,4.05%,100.74,T,A,64.2,1447.0,475.0,492.0,480.0,2021.0,75.6655426025391
1932,United Kingdom,LiteratureMedicine,3,6,United Kingdom,3070670000000,$3.071 trillion,4.10%,67508936,45485,3.05%,99.12,T,A,64.2,1483.0,489.0,500.0,494.0,2022.0,82.6516494750977
1932,United States,Chemistry,1,1,United States,25462700000000,$25.463 trillion,2.06%,338289857,75269,25.32%,97.43,T,A+,74.9,1468.0,465.0,499.0,504.0,2022.0,79.361930847168
1933,Austria,Physics,1,32,Austria,471400000000,$471 billion,5.00%,8939617,52732,0.47%,98.38,T,A-,58.7,1458.0,487.0,491.0,480.0,2021.0,93.940071105957
1933,Russia,Literature,1,8,Russia,2240420000000,$2.240 trillion,-2.07%,144713314,15482,2.23%,96.29,T,B,46.6,,,,,2022.0,56.617000579834
1933,United Kingdom,PeacePhysics,2,6,United Kingdom,3070670000000,$3.071 trillion,4.10%,67508936,45485,3.05%,99.12,T,A,64.2,1483.0,489.0,500.0,494.0,2022.0,82.6516494750977
1933,United States,Medicine,1,1,United States,25462700000000,$25.463 trillion,2.06%,338289857,75269,25.32%,97.43,T,A+,74.9,1468.0,465.0,499.0,504.0,2022.0,79.361930847168
1934,Italy,Literature,1,10,Italy,2010430000000,$2.010 trillion,3.67%,59037474,34053,2.00%,94.23,T,B,48.0,1430.0,471.0,477.0,482.0,2021.0,71.2871170043945
1934,United Kingdom,Peace,1,6,United Kingdom,3070670000000,$3.071 trillion,4.10%,67508936,45485,3.05%,99.12,T,A,64.2,1483.0,489.0,500.0,494.0,2022.0,82.6516494750977
1934,United States,ChemistryMedicine,5,1,United States,25462700000000,$25.463 trillion,2.06%,338289857,75269,25.32%,97.43,T,A+,74.9,1468.0,465.0,499.0,504.0,2022.0,79.361930847168
1935,France,Chemistry,2,7,France,2782910000000,$2.783 trillion,2.56%,64626628,43061,2.77%,96.69,T,A-,56.7,1435.0,474.0,487.0,474.0,2022.0,70.794189453125
1935,Germany,MedicinePeace,2,4,Germany,4072190000000,$4.072 trillion,1.79%,83369843,48845,4.05%,100.74,T,A,64.2,1447.0,475.0,492.0,480.0,2021.0,75.6655426025391
1935,United Kingdom,Physics,1,6,United Kingdom,3070670000000,$3.071 trillion,4.10%,67508936,45485,3.05%,99.12,T,A,64.2,1483.0,489.0,500.0,494.0,2022.0,82.6516494750977
1936,Argentina,Peace,1,22,Argentina,632770000000,$633 billion,5.24%,45510318,13904,0.63%,86.63,T,B-,40.5,1185.0,378.0,406.0,401.0,2021.0,107.130661010742
1936,Austria,Physics,1,32,Austria,471400000000,$471 billion,5.00%,8939617,52732,0.47%,98.38,T,A-,58.7,1458.0,487.0,491.0,480.0,2021.0,93.940071105957
1936,Germany,Medicine,1,4,Germany,4072190000000,$4.072 trillion,1.79%,83369843,48845,4.05%,100.74,T,A,64.2,1447.0,475.0,492.0,480.0,2021.0,75.6655426025391
1936,Netherlands,Chemistry,2,18,Netherlands,991115000000,$991 billion,4.48%,17564014,56429,0.99%,100.74,T,A-,58.7,1440.0,493.0,488.0,459.0,2021.0,88.9542617797852
1936,United Kingdom,Medicine,1,6,United Kingdom,3070670000000,$3.071 trillion,4.10%,67508936,45485,3.05%,99.12,T,A,64.2,1483.0,489.0,500.0,494.0,2022.0,82.6516494750977
1936,United States,LiteraturePhysics,2,1,United States,25462700000000,$25.463 trillion,2.06%,338289857,75269,25.32%,97.43,T,A+,74.9,1468.0,465.0,499.0,504.0,2022.0,79.361930847168
1937,France,Literature,1,7,France,2782910000000,$2.783 trillion,2.56%,64626628,43061,2.77%,96.69,T,A-,56.7,1435.0,474.0,487.0,474.0,2022.0,70.794189453125
1937,Hungary,Medicine,1,57,Hungary,178789000000,$179 billion,4.58%,9967308,17938,0.18%,99.24,T,B,50.0,1432.0,473.0,486.0,473.0,2021.0,56.5243492126465
1937,Russia,Chemistry,1,8,Russia,2240420000000,$2.240 trillion,-2.07%,144713314,15482,2.23%,96.29,T,B,46.6,,,,,2022.0,56.617000579834
1937,United Kingdom,ChemistryPeacePhysics,3,6,United Kingdom,3070670000000,$3.071 trillion,4.10%,67508936,45485,3.05%,99.12,T,A,64.2,1483.0,489.0,500.0,494.0,2022.0,82.6516494750977
1937,United States,Physics,1,1,United States,25462700000000,$25.463 trillion,2.06%,338289857,75269,25.32%,97.43,T,A+,74.9,1468.0,465.0,499.0,504.0,2022.0,79.361930847168
1938,Austria,Chemistry,2,32,Austria,471400000000,$471 billion,5.00%,8939617,52732,0.47%,98.38,T,A-,58.7,1458.0,487.0,491.0,480.0,2021.0,93.940071105957
1938,Belgium,Medicine,1,25,Belgium,578604000000,$579 billion,3.25%,11655930,49640,0.58%,97.49,T,A-,58.7,1459.0,489.0,491.0,479.0,2021.0,82.6882019042969
1938,Italy,Physics,1,10,Italy,2010430000000,$2.010 trillion,3.67%,59037474,34053,2.00%,94.23,T,B,48.0,1430.0,471.0,477.0,482.0,2021.0,71.2871170043945
1938,United States,Literature,1,1,United States,25462700000000,$25.463 trillion,2.06%,338289857,75269,25.32%,97.43,T,A+,74.9,1468.0,465.0,499.0,504.0,2022.0,79.361930847168
1939,Croatia,Chemistry,1,78,Croatia,70964606465,$70.96 billion,6.33%,4030358,17608,0.07%,95.75,T,C+,38.5,1421.0,463.0,483.0,475.0,2021.0,72.3333587646484
1939,Finland,Literature,1,47,Finland,280826000000,$281 billion,2.08%,5540745,50684,0.28%,101.2,T,A,60.5,1485.0,484.0,511.0,490.0,2022.0,104.944221496582
1939,Germany,Chemistry,2,4,Germany,4072190000000,$4.072 trillion,1.79%,83369843,48845,4.05%,100.74,T,A,64.2,1447.0,475.0,492.0,480.0,2021.0,75.6655426025391
1939,Poland,Medicine,1,21,Poland,688177000000,$688 billion,4.87%,39857145,17266,0.68%,96.35,T,B,45.6,1477.0,489.0,499.0,489.0,2022.0,73.979377746582
1939,United States,Physics,1,1,United States,25462700000000,$25.463 trillion,2.06%,338289857,75269,25.32%,97.43,T,A+,74.9,1468.0,465.0,499.0,504.0,2022.0,79.361930847168
1943,Denmark,Medicine,1,39,Denmark,395404000000,$395 billion,3.82%,5882261,67220,0.39%,97.83,T,A,60.3,1472.0,489.0,494.0,489.0,2022.0,84.5866088867188
1943,Hungary,Chemistry,1,57,Hungary,178789000000,$179 billion,4.58%,9967308,17938,0.18%,99.24,T,B,50.0,1432.0,473.0,486.0,473.0,2021.0,56.5243492126465
1943,Poland,Physics,1,21,Poland,688177000000,$688 billion,4.87%,39857145,17266,0.68%,96.35,T,B,45.6,1477.0,489.0,499.0,489.0,2022.0,73.979377746582
1943,United States,Medicine,1,1,United States,25462700000000,$25.463 trillion,2.06%,338289857,75269,25.32%,97.43,T,A+,74.9,1468.0,465.0,499.0,504.0,2022.0,79.361930847168
1944,Denmark,Literature,1,39,Denmark,395404000000,$395 billion,3.82%,5882261,67220,0.39%,97.83,T,A,60.3,1472.0,489.0,494.0,489.0,2022.0,84.5866088867188
1944,Germany,Chemistry,1,4,Germany,4072190000000,$4.072 trillion,1.79%,83369843,48845,4.05%,100.74,T,A,64.2,1447.0,475.0,492.0,480.0,2021.0,75.6655426025391
1944,Poland,Physics,1,21,Poland,688177000000,$688 billion,4.87%,39857145,17266,0.68%,96.35,T,B,45.6,1477.0,489.0,499.0,489.0,2022.0,73.979377746582
1944,United States,Medicine,2,1,United States,25462700000000,$25.463 trillion,2.06%,338289857,75269,25.32%,97.43,T,A+,74.9,1468.0,465.0,499.0,504.0,2022.0,79.361930847168
1945,Australia,Medicine,1,12,Australia,1675420000000,$1.675 trillion,3.62%,26177413,64003,1.67%,99.24,T,A,64.0,1492.0,487.0,507.0,498.0,2022.0,106.240760803223
1945,Austria,Physics,1,32,Austria,471400000000,$471 billion,5.00%,8939617,52732,0.47%,98.38,T,A-,58.7,1458.0,487.0,491.0,480.0,2021.0,93.940071105957
1945,Chile,Literature,1,45,Chile,301025000000,$301 billion,2.44%,19603733,15355,0.30%,87.89,T,C+,37.8,1304.0,412.0,444.0,448.0,2022.0,99.3372802734375
1945,Finland,Chemistry,1,47,Finland,280826000000,$281 billion,2.08%,5540745,50684,0.28%,101.2,T,A,60.5,1485.0,484.0,511.0,490.0,2022.0,104.944221496582
1945,Germany,Medicine,1,4,Germany,4072190000000,$4.072 trillion,1.79%,83369843,48845,4.05%,100.74,T,A,64.2,1447.0,475.0,492.0,480.0,2021.0,75.6655426025391
1945,United Kingdom,Medicine,1,6,United Kingdom,3070670000000,$3.071 trillion,4.10%,67508936,45485,3.05%,99.12,T,A,64.2,1483.0,489.0,500.0,494.0,2022.0,82.6516494750977
1945,United States,Peace,1,1,United States,25462700000000,$25.463 trillion,2.06%,338289857,75269,25.32%,97.43,T,A+,74.9,1468.0,465.0,499.0,504.0,2022.0,79.361930847168
1946,Germany,Literature,1,4,Germany,4072190000000,$4.072 trillion,1.79%,83369843,48845,4.05%,100.74,T,A,64.2,1447.0,475.0,492.0,480.0,2021.0,75.6655426025391
1946,United States,ChemistryMedicinePeacePhysics,7,1,United States,25462700000000,$25.463 trillion,2.06%,338289857,75269,25.32%,97.43,T,A+,74.9,1468.0,465.0,499.0,504.0,2022.0,79.361930847168
1947,Argentina,Medicine,1,22,Argentina,632770000000,$633 billion,5.24%,45510318,13904,0.63%,86.63,T,B-,40.5,1185.0,378.0,406.0,401.0,2021.0,107.130661010742
1947,France,Literature,1,7,France,2782910000000,$2.783 trillion,2.56%,64626628,43061,2.77%,96.69,T,A-,56.7,1435.0,474.0,487.0,474.0,2022.0,70.794189453125
1947,United Kingdom,ChemistryPhysics,2,6,United Kingdom,3070670000000,$3.071 trillion,4.10%,67508936,45485,3.05%,99.12,T,A,64.2,1483.0,489.0,500.0,494.0,2022.0,82.6516494750977
1948,Sweden,Chemistry,1,23,Sweden,585939000000,$586 billion,2.64%,10549347,55543,0.58%,97.0,T,A,61.6,1463.0,482.0,494.0,487.0,2022.0,83.8976135253906
1948,Switzerland,Medicine,1,20,Switzerland,807706000000,$808 billion,2.06%,8740472,92410,0.80%,99.24,T,A,61.6,1494.0,508.0,503.0,483.0,2022.0,74.1526794433594
1948,United Kingdom,Physics,1,6,United Kingdom,3070670000000,$3.071 trillion,4.10%,67508936,45485,3.05%,99.12,T,A,64.2,1483.0,489.0,500.0,494.0,2022.0,82.6516494750977
1948,United States,Literature,1,1,United States,25462700000000,$25.463 trillion,2.06%,338289857,75269,25.32%,97.43,T,A+,74.9,1468.0,465.0,499.0,504.0,2022.0,79.361930847168
1949,Canada,Chemistry,1,9,Canada,2139840000000,$2.140 trillion,3.40%,38454327,55646,2.13%,99.52,T,A,61.2,1519.0,497.0,515.0,507.0,2021.0,77.8022918701172
1949,Japan,Physics,2,3,Japan,4231140000000,$4.231 trillion,1.03%,123951692,34135,4.21%,106.48,T,A-,58.9,1599.0,536.0,547.0,516.0,2021.0,63.1702690124512
1949,Portugal,Medicine,2,49,Portugal,251945000000,$252 billion,6.69%,10270865,24530,0.25%,92.77,T,B-,44.8,1433.0,472.0,484.0,477.0,2021.0,71.8742980957031
1949,Switzerland,Medicine,1,20,Switzerland,807706000000,$808 billion,2.06%,8740472,92410,0.80%,99.24,T,A,61.6,1494.0,508.0,503.0,483.0,2022.0,74.1526794433594
1949,United Kingdom,Peace,1,6,United Kingdom,3070670000000,$3.071 trillion,4.10%,67508936,45485,3.05%,99.12,T,A,64.2,1483.0,489.0,500.0,494.0,2022.0,82.6516494750977
1949,United States,Literature,1,1,United States,25462700000000,$25.463 trillion,2.06%,338289857,75269,25.32%,97.43,T,A+,74.9,1468.0,465.0,499.0,504.0,2022.0,79.361930847168
1950,Germany,Chemistry,1,4,Germany,4072190000000,$4.072 trillion,1.79%,83369843,48845,4.05%,100.74,T,A,64.2,1447.0,475.0,492.0,480.0,2021.0,75.6655426025391
1950,Poland,ChemistryMedicine,2,21,Poland,688177000000,$688 billion,4.87%,39857145,17266,0.68%,96.35,T,B,45.6,1477.0,489.0,499.0,489.0,2022.0,73.979377746582
1950,United Kingdom,LiteraturePhysics,2,6,United Kingdom,3070670000000,$3.071 trillion,4.10%,67508936,45485,3.05%,99.12,T,A,64.2,1483.0,489.0,500.0,494.0,2022.0,82.6516494750977
1950,United States,MedicinePeace,3,1,United States,25462700000000,$25.463 trillion,2.06%,338289857,75269,25.32%,97.43,T,A+,74.9,1468.0,465.0,499.0,504.0,2022.0,79.361930847168
1951,France,Peace,1,7,France,2782910000000,$2.783 trillion,2.56%,64626628,43061,2.77%,96.69,T,A-,56.7,1435.0,474.0,487.0,474.0,2022.0,70.794189453125
1951,Ireland,Physics,1,26,Ireland,529245000000,$529 billion,11.97%,5023109,105362,0.53%,95.13,T,B+,53.6,1512.0,492.0,504.0,516.0,2021.0,78.7776031494141
1951,South Africa,Medicine,1,37,South Africa,405870000000,$406 billion,2.04%,59893885,6776,0.40%,68.87,T,C,33.0,,,,,2021.0,25.3566093444824
1951,Sweden,Literature,1,23,Sweden,585939000000,$586 billion,2.64%,10549347,55543,0.58%,97.0,T,A,61.6,1463.0,482.0,494.0,487.0,2022.0,83.8976135253906
1951,United Kingdom,Physics,1,6,United Kingdom,3070670000000,$3.071 trillion,4.10%,67508936,45485,3.05%,99.12,T,A,64.2,1483.0,489.0,500.0,494.0,2022.0,82.6516494750977
1951,United States,Chemistry,2,1,United States,25462700000000,$25.463 trillion,2.06%,338289857,75269,25.32%,97.43,T,A+,74.9,1468.0,465.0,499.0,504.0,2022.0,79.361930847168
1952,France,LiteraturePeace,2,7,France,2782910000000,$2.783 trillion,2.56%,64626628,43061,2.77%,96.69,T,A-,56.7,1435.0,474.0,487.0,474.0,2022.0,70.794189453125
1952,Switzerland,Physics,1,20,Switzerland,807706000000,$808 billion,2.06%,8740472,92410,0.80%,99.24,T,A,61.6,1494.0,508.0,503.0,483.0,2022.0,74.1526794433594
1952,Ukraine,Medicine,1,58,Ukraine,160503000000,$161 billion,-29.10%,39701739,4043,0.16%,90.07,T,C+,38.3,1319.0,441.0,450.0,428.0,2022.0,70.7210006713867
1952,United Kingdom,Chemistry,2,6,United Kingdom,3070670000000,$3.071 trillion,4.10%,67508936,45485,3.05%,99.12,T,A,64.2,1483.0,489.0,500.0,494.0,2022.0,82.6516494750977
1952,United States,Physics,1,1,United States,25462700000000,$25.463 trillion,2.06%,338289857,75269,25.32%,97.43,T,A+,74.9,1468.0,465.0,499.0,504.0,2022.0,79.361930847168
1953,Germany,ChemistryMedicine,3,4,Germany,4072190000000,$4.072 trillion,1.79%,83369843,48845,4.05%,100.74,T,A,64.2,1447.0,475.0,492.0,480.0,2021.0,75.6655426025391
1953,Netherlands,Physics,1,18,Netherlands,991115000000,$991 billion,4.48%,17564014,56429,0.99%,100.74,T,A-,58.7,1440.0,493.0,488.0,459.0,2021.0,88.9542617797852
1953,Russia,Medicine,2,8,Russia,2240420000000,$2.240 trillion,-2.07%,144713314,15482,2.23%,96.29,T,B,46.6,,,,,2022.0,56.617000579834
1953,United Kingdom,Literature,1,6,United Kingdom,3070670000000,$3.071 trillion,4.10%,67508936,45485,3.05%,99.12,T,A,64.2,1483.0,489.0,500.0,494.0,2022.0,82.6516494750977
1953,United States,Peace,1,1,United States,25462700000000,$25.463 trillion,2.06%,338289857,75269,25.32%,97.43,T,A+,74.9,1468.0,465.0,499.0,504.0,2022.0,79.361930847168
1954,Germany,Physics,2,4,Germany,4072190000000,$4.072 trillion,1.79%,83369843,48845,4.05%,100.74,T,A,64.2,1447.0,475.0,492.0,480.0,2021.0,75.6655426025391
1954,Poland,Physics,1,21,Poland,688177000000,$688 billion,4.87%,39857145,17266,0.68%,96.35,T,B,45.6,1477.0,489.0,499.0,489.0,2022.0,73.979377746582
1954,United States,ChemistryLiteratureMedicine,6,1,United States,25462700000000,$25.463 trillion,2.06%,338289857,75269,25.32%,97.43,T,A+,74.9,1468.0,465.0,499.0,504.0,2022.0,79.361930847168
1955,Germany,Physics,1,4,Germany,4072190000000,$4.072 trillion,1.79%,83369843,48845,4.05%,100.74,T,A,64.2,1447.0,475.0,492.0,480.0,2021.0,75.6655426025391
1955,Iceland,Literature,1,105,Iceland,27841648044,$27.84 billion,6.44%,372899,74663,0.03%,98.26,T,B+,52.0,1342.0,459.0,447.0,436.0,2021.0,86.5232086181641
1955,Sweden,Medicine,1,23,Sweden,585939000000,$586 billion,2.64%,10549347,55543,0.58%,97.0,T,A,61.6,1463.0,482.0,494.0,487.0,2022.0,83.8976135253906
1955,United States,ChemistryPhysics,2,1,United States,25462700000000,$25.463 trillion,2.06%,338289857,75269,25.32%,97.43,T,A+,74.9,1468.0,465.0,499.0,504.0,2022.0,79.361930847168
1956,China,Physics,1,2,China,17963200000000,$17.963 trillion,2.99%,1425887337,12598,17.86%,104.1,T,B,47.3,1605.0,552.0,543.0,510.0,2022.0,71.9815521240234
1956,France,Medicine,1,7,France,2782910000000,$2.783 trillion,2.56%,64626628,43061,2.77%,96.69,T,A-,56.7,1435.0,474.0,487.0,474.0,2022.0,70.794189453125
1956,Germany,Medicine,2,4,Germany,4072190000000,$4.072 trillion,1.79%,83369843,48845,4.05%,100.74,T,A,64.2,1447.0,475.0,492.0,480.0,2021.0,75.6655426025391
1956,Russia,Chemistry,1,8,Russia,2240420000000,$2.240 trillion,-2.07%,144713314,15482,2.23%,96.29,T,B,46.6,,,,,2022.0,56.617000579834
1956,Spain,Literature,1,15,Spain,1397510000000,$1.398 trillion,5.45%,47558630,29385,1.39%,93.9,T,B,49.8,1432.0,473.0,485.0,474.0,2021.0,94.5903778076172
1956,United Kingdom,ChemistryPhysics,2,6,United Kingdom,3070670000000,$3.071 trillion,4.10%,67508936,45485,3.05%,99.12,T,A,64.2,1483.0,489.0,500.0,494.0,2022.0,82.6516494750977
1956,United States,MedicinePhysics,2,1,United States,25462700000000,$25.463 trillion,2.06%,338289857,75269,25.32%,97.43,T,A+,74.9,1468.0,465.0,499.0,504.0,2022.0,79.361930847168
1957,Algeria,Literature,1,55,Algeria,191913000000,$192 billion,3.10%,44903225,4274,0.19%,76.0,E,D,19.1,,,,,2022.0,53.4012489318848
1957,Canada,Peace,1,9,Canada,2139840000000,$2.140 trillion,3.40%,38454327,55646,2.13%,99.52,T,A,61.2,1519.0,497.0,515.0,507.0,2021.0,77.8022918701172
1957,China,Physics,2,2,China,17963200000000,$17.963 trillion,2.99%,1425887337,12598,17.86%,104.1,T,B,47.3,1605.0,552.0,543.0,510.0,2022.0,71.9815521240234
1957,Switzerland,Medicine,1,20,Switzerland,807706000000,$808 billion,2.06%,8740472,92410,0.80%,99.24,T,A,61.6,1494.0,508.0,503.0,483.0,2022.0,74.1526794433594
1957,United Kingdom,Chemistry,1,6,United Kingdom,3070670000000,$3.071 trillion,4.10%,67508936,45485,3.05%,99.12,T,A,64.2,1483.0,489.0,500.0,494.0,2022.0,82.6516494750977
1958,Belgium,Peace,1,25,Belgium,578604000000,$579 billion,3.25%,11655930,49640,0.58%,97.49,T,A-,58.7,1459.0,489.0,491.0,479.0,2021.0,82.6882019042969
1958,Russia,LiteraturePhysics,6,8,Russia,2240420000000,$2.240 trillion,-2.07%,144713314,15482,2.23%,96.29,T,B,46.6,,,,,2022.0,56.617000579834
1958,United Kingdom,Chemistry,1,6,United Kingdom,3070670000000,$3.071 trillion,4.10%,67508936,45485,3.05%,99.12,T,A,64.2,1483.0,489.0,500.0,494.0,2022.0,82.6516494750977
1958,United States,Medicine,3,1,United States,25462700000000,$25.463 trillion,2.06%,338289857,75269,25.32%,97.43,T,A+,74.9,1468.0,465.0,499.0,504.0,2022.0,79.361930847168
1959,Italy,LiteraturePhysics,2,10,Italy,2010430000000,$2.010 trillion,3.67%,59037474,34053,2.00%,94.23,T,B,48.0,1430.0,471.0,477.0,482.0,2021.0,71.2871170043945
1959,Spain,Medicine,1,15,Spain,1397510000000,$1.398 trillion,5.45%,47558630,29385,1.39%,93.9,T,B,49.8,1432.0,473.0,485.0,474.0,2021.0,94.5903778076172
1959,United Kingdom,Peace,1,6,United Kingdom,3070670000000,$3.071 trillion,4.10%,67508936,45485,3.05%,99.12,T,A,64.2,1483.0,489.0,500.0,494.0,2022.0,82.6516494750977
1959,United States,MedicinePhysics,2,1,United States,25462700000000,$25.463 trillion,2.06%,338289857,75269,25.32%,97.43,T,A+,74.9,1468.0,465.0,499.0,504.0,2022.0,79.361930847168
1960,Australia,Medicine,1,12,Australia,1675420000000,$1.675 trillion,3.62%,26177413,64003,1.67%,99.24,T,A,64.0,1492.0,487.0,507.0,498.0,2022.0,106.240760803223
1960,Brazil,Medicine,1,11,Brazil,1920100000000,$1.920 trillion,2.90%,215313498,8918,1.91%,83.38,T,C+,36.2,1192.0,379.0,403.0,410.0,2022.0,60.3906211853027
1960,France,Literature,1,7,France,2782910000000,$2.783 trillion,2.56%,64626628,43061,2.77%,96.69,T,A-,56.7,1435.0,474.0,487.0,474.0,2022.0,70.794189453125
1960,United States,ChemistryPhysics,2,1,United States,25462700000000,$25.463 trillion,2.06%,338289857,75269,25.32%,97.43,T,A+,74.9,1468.0,465.0,499.0,504.0,2022.0,79.361930847168
1960,Zimbabwe,Peace,1,112,Zimbabwe,20678055598,$20.68 billion,3.40%,16320537,1267,0.02%,74.01,T,D-,11.7,,,,,2020.0,9.72399997711182
1961,Bosnia and Herzegovina,Literature,1,108,Bosnia and Herzegovina,24527507288,$24.53 billion,3.90%,3233526,7585,0.02%,88.54,T,C-,25.8,,,,,2022.0,44.6326713562012
1961,Germany,Physics,2,4,Germany,4072190000000,$4.072 trillion,1.79%,83369843,48845,4.05%,100.74,T,A,64.2,1447.0,475.0,492.0,480.0,2021.0,75.6655426025391
1961,Hungary,Medicine,1,57,Hungary,178789000000,$179 billion,4.58%,9967308,17938,0.18%,99.24,T,B,50.0,1432.0,473.0,486.0,473.0,2021.0,56.5243492126465
1961,Sweden,Peace,1,23,Sweden,585939000000,$586 billion,2.64%,10549347,55543,0.58%,97.0,T,A,61.6,1463.0,482.0,494.0,487.0,2022.0,83.8976135253906
1961,United States,ChemistryPhysics,2,1,United States,25462700000000,$25.463 trillion,2.06%,338289857,75269,25.32%,97.43,T,A+,74.9,1468.0,465.0,499.0,504.0,2022.0,79.361930847168
1962,Austria,Chemistry,1,32,Austria,471400000000,$471 billion,5.00%,8939617,52732,0.47%,98.38,T,A-,58.7,1458.0,487.0,491.0,480.0,2021.0,93.940071105957
1962,Azerbaijan,Physics,1,71,Azerbaijan,78721058824,$78.72 billion,4.62%,10358074,7600,0.08%,84.81,E,C-,28.6,1142.0,397.0,380.0,365.0,2022.0,41.7732887268066
1962,New Zealand,Medicine,1,50,New Zealand,247234000000,$247 billion,2.16%,5185288,47680,0.25%,98.57,T,A-,57.3,1484.0,479.0,504.0,501.0,2021.0,79.4128875732422
1962,United Kingdom,ChemistryMedicine,2,6,United Kingdom,3070670000000,$3.071 trillion,4.10%,67508936,45485,3.05%,99.12,T,A,64.2,1483.0,489.0,500.0,494.0,2022.0,82.6516494750977
1962,United States,LiteratureMedicinePeace,3,1,United States,25462700000000,$25.463 trillion,2.06%,338289857,75269,25.32%,97.43,T,A+,74.9,1468.0,465.0,499.0,504.0,2022.0,79.361930847168
1963,Australia,Medicine,1,12,Australia,1675420000000,$1.675 trillion,3.62%,26177413,64003,1.67%,99.24,T,A,64.0,1492.0,487.0,507.0,498.0,2022.0,106.240760803223
1963,Germany,ChemistryPhysics,2,4,Germany,4072190000000,$4.072 trillion,1.79%,83369843,48845,4.05%,100.74,T,A,64.2,1447.0,475.0,492.0,480.0,2021.0,75.6655426025391
1963,Hungary,Physics,1,57,Hungary,178789000000,$179 billion,4.58%,9967308,17938,0.18%,99.24,T,B,50.0,1432.0,473.0,486.0,473.0,2021.0,56.5243492126465
1963,Italy,Chemistry,1,10,Italy,2010430000000,$2.010 trillion,3.67%,59037474,34053,2.00%,94.23,T,B,48.0,1430.0,471.0,477.0,482.0,2021.0,71.2871170043945
1963,Poland,Physics,1,21,Poland,688177000000,$688 billion,4.87%,39857145,17266,0.68%,96.35,T,B,45.6,1477.0,489.0,499.0,489.0,2022.0,73.979377746582
1963,Turkey,Literature,1,19,Turkey,905988000000,$906 billion,5.57%,85341241,10616,0.90%,86.8,T,C,33.4,1385.0,453.0,476.0,456.0,2021.0,125.763786315918
1963,United Kingdom,Medicine,2,6,United Kingdom,3070670000000,$3.071 trillion,4.10%,67508936,45485,3.05%,99.12,T,A,64.2,1483.0,489.0,500.0,494.0,2022.0,82.6516494750977
1964,Australia,Physics,1,12,Australia,1675420000000,$1.675 trillion,3.62%,26177413,64003,1.67%,99.24,T,A,64.0,1492.0,487.0,507.0,498.0,2022.0,106.240760803223
1964,Egypt,Chemistry,1,31,Egypt,476748000000,$477 billion,6.59%,110990103,4295,0.47%,76.32,T,D+,21.6,,,,,2022.0,37.8184509277344
1964,France,Literature,1,7,France,2782910000000,$2.783 trillion,2.56%,64626628,43061,2.77%,96.69,T,A-,56.7,1435.0,474.0,487.0,474.0,2022.0,70.794189453125
1964,Germany,Medicine,1,4,Germany,4072190000000,$4.072 trillion,1.79%,83369843,48845,4.05%,100.74,T,A,64.2,1447.0,475.0,492.0,480.0,2021.0,75.6655426025391
1964,Poland,Medicine,1,21,Poland,688177000000,$688 billion,4.87%,39857145,17266,0.68%,96.35,T,B,45.6,1477.0,489.0,499.0,489.0,2022.0,73.979377746582
1964,Russia,Physics,1,8,Russia,2240420000000,$2.240 trillion,-2.07%,144713314,15482,2.23%,96.29,T,B,46.6,,,,,2022.0,56.617000579834
1964,United States,PeacePhysics,2,1,United States,25462700000000,$25.463 trillion,2.06%,338289857,75269,25.32%,97.43,T,A+,74.9,1468.0,465.0,499.0,504.0,2022.0,79.361930847168
1965,France,Medicine,3,7,France,2782910000000,$2.783 trillion,2.56%,64626628,43061,2.77%,96.69,T,A-,56.7,1435.0,474.0,487.0,474.0,2022.0,70.794189453125
1965,Japan,Physics,1,3,Japan,4231140000000,$4.231 trillion,1.03%,123951692,34135,4.21%,106.48,T,A-,58.9,1599.0,536.0,547.0,516.0,2021.0,63.1702690124512
1965,Russia,Literature,1,8,Russia,2240420000000,$2.240 trillion,-2.07%,144713314,15482,2.23%,96.29,T,B,46.6,,,,,2022.0,56.617000579834
1965,United States,ChemistryPhysics,3,1,United States,25462700000000,$25.463 trillion,2.06%,338289857,75269,25.32%,97.43,T,A+,74.9,1468.0,465.0,499.0,504.0,2022.0,79.361930847168
1966,Canada,Medicine,1,9,Canada,2139840000000,$2.140 trillion,3.40%,38454327,55646,2.13%,99.52,T,A,61.2,1519.0,497.0,515.0,507.0,2021.0,77.8022918701172
1966,France,Physics,1,7,France,2782910000000,$2.783 trillion,2.56%,64626628,43061,2.77%,96.69,T,A-,56.7,1435.0,474.0,487.0,474.0,2022.0,70.794189453125
1966,Germany,Literature,1,4,Germany,4072190000000,$4.072 trillion,1.79%,83369843,48845,4.05%,100.74,T,A,64.2,1447.0,475.0,492.0,480.0,2021.0,75.6655426025391
1966,Ukraine,Literature,1,58,Ukraine,160503000000,$161 billion,-29.10%,39701739,4043,0.16%,90.07,T,C+,38.3,1319.0,441.0,450.0,428.0,2022.0,70.7210006713867
1966,United States,ChemistryMedicine,2,1,United States,25462700000000,$25.463 trillion,2.06%,338289857,75269,25.32%,97.43,T,A+,74.9,1468.0,465.0,499.0,504.0,2022.0,79.361930847168
1967,Finland,Medicine,1,47,Finland,280826000000,$281 billion,2.08%,5540745,50684,0.28%,101.2,T,A,60.5,1485.0,484.0,511.0,490.0,2022.0,104.944221496582
1967,France,Physics,1,7,France,2782910000000,$2.783 trillion,2.56%,64626628,43061,2.77%,96.69,T,A-,56.7,1435.0,474.0,487.0,474.0,2022.0,70.794189453125
1967,Germany,Chemistry,1,4,Germany,4072190000000,$4.072 trillion,1.79%,83369843,48845,4.05%,100.74,T,A,64.2,1447.0,475.0,492.0,480.0,2021.0,75.6655426025391
1967,Guatemala,Literature,1,67,Guatemala,95003333381,$95.00 billion,4.12%,17843908,5324,0.09%,47.72,T,D+,22.8,1091.0,344.0,373.0,374.0,2020.0,18.6940002441406
1967,United Kingdom,Chemistry,2,6,United Kingdom,3070670000000,$3.071 trillion,4.10%,67508936,45485,3.05%,99.12,T,A,64.2,1483.0,489.0,500.0,494.0,2022.0,82.6516494750977
1967,United States,Medicine,2,1,United States,25462700000000,$25.463 trillion,2.06%,338289857,75269,25.32%,97.43,T,A+,74.9,1468.0,465.0,499.0,504.0,2022.0,79.361930847168
1968,France,Peace,1,7,France,2782910000000,$2.783 trillion,2.56%,64626628,43061,2.77%,96.69,T,A-,56.7,1435.0,474.0,487.0,474.0,2022.0,70.794189453125
1968,India,Medicine,1,5,India,3385090000000,$3.385 trillion,7.00%,1417173173,2389,3.37%,76.24,T,C-,29.4,,,,,2023.0,33.117000579834
1968,Japan,Literature,1,3,Japan,4231140000000,$4.231 trillion,1.03%,123951692,34135,4.21%,106.48,T,A-,58.9,1599.0,536.0,547.0,516.0,2021.0,63.1702690124512
1968,Norway,Chemistry,1,24,Norway,579267000000,$579 billion,3.28%,5434319,106594,0.58%,97.13,T,B+,55.0,1423.0,468.0,478.0,477.0,2021.0,93.9243011474609
1968,United States,MedicinePhysics,3,1,United States,25462700000000,$25.463 trillion,2.06%,338289857,75269,25.32%,97.43,T,A+,74.9,1468.0,465.0,499.0,504.0,2022.0,79.361930847168
1969,Germany,Medicine,1,4,Germany,4072190000000,$4.072 trillion,1.79%,83369843,48845,4.05%,100.74,T,A,64.2,1447.0,475.0,492.0,480.0,2021.0,75.6655426025391
1969,Ireland,Literature,1,26,Ireland,529245000000,$529 billion,11.97%,5023109,105362,0.53%,95.13,T,B+,53.6,1512.0,492.0,504.0,516.0,2021.0,78.7776031494141
1969,Italy,Medicine,1,10,Italy,2010430000000,$2.010 trillion,3.67%,59037474,34053,2.00%,94.23,T,B,48.0,1430.0,471.0,477.0,482.0,2021.0,71.2871170043945
1969,Netherlands,Economics,1,18,Netherlands,991115000000,$991 billion,4.48%,17564014,56429,0.99%,100.74,T,A-,58.7,1440.0,493.0,488.0,459.0,2021.0,88.9542617797852
1969,Norway,ChemistryEconomics,2,24,Norway,579267000000,$579 billion,3.28%,5434319,106594,0.58%,97.13,T,B+,55.0,1423.0,468.0,478.0,477.0,2021.0,93.9243011474609
1969,United Kingdom,Chemistry,1,6,United Kingdom,3070670000000,$3.071 trillion,4.10%,67508936,45485,3.05%,99.12,T,A,64.2,1483.0,489.0,500.0,494.0,2022.0,82.6516494750977
1969,United States,MedicinePhysics,2,1,United States,25462700000000,$25.463 trillion,2.06%,338289857,75269,25.32%,97.43,T,A+,74.9,1468.0,465.0,499.0,504.0,2022.0,79.361930847168
1970,France,ChemistryPhysics,2,7,France,2782910000000,$2.783 trillion,2.56%,64626628,43061,2.77%,96.69,T,A-,56.7,1435.0,474.0,487.0,474.0,2022.0,70.794189453125
1970,Germany,Medicine,1,4,Germany,4072190000000,$4.072 trillion,1.79%,83369843,48845,4.05%,100.74,T,A,64.2,1447.0,475.0,492.0,480.0,2021.0,75.6655426025391
1970,Russia,Literature,1,8,Russia,2240420000000,$2.240 trillion,-2.07%,144713314,15482,2.23%,96.29,T,B,46.6,,,,,2022.0,56.617000579834
1970,Sweden,MedicinePhysics,2,23,Sweden,585939000000,$586 billion,2.64%,10549347,55543,0.58%,97.0,T,A,61.6,1463.0,482.0,494.0,487.0,2022.0,83.8976135253906
1970,United States,EconomicsMedicinePeace,3,1,United States,25462700000000,$25.463 trillion,2.06%,338289857,75269,25.32%,97.43,T,A+,74.9,1468.0,465.0,499.0,504.0,2022.0,79.361930847168
1971,Belarus,Economics,1,76,Belarus,72793457588,$72.79 billion,-4.70%,9534954,7634,0.07%,101.6,T,,,,,,,2022.0,70.8675689697266
1971,Chile,Literature,1,45,Chile,301025000000,$301 billion,2.44%,19603733,15355,0.30%,87.89,T,C+,37.8,1304.0,412.0,444.0,448.0,2022.0,99.3372802734375
1971,Germany,ChemistryPeace,2,4,Germany,4072190000000,$4.072 trillion,1.79%,83369843,48845,4.05%,100.74,T,A,64.2,1447.0,475.0,492.0,480.0,2021.0,75.6655426025391
1971,Hungary,Physics,1,57,Hungary,178789000000,$179 billion,4.58%,9967308,17938,0.18%,99.24,T,B,50.0,1432.0,473.0,486.0,473.0,2021.0,56.5243492126465
1971,United States,Medicine,1,1,United States,25462700000000,$25.463 trillion,2.06%,338289857,75269,25.32%,97.43,T,A+,74.9,1468.0,465.0,499.0,504.0,2022.0,79.361930847168
1972,Germany,Literature,1,4,Germany,4072190000000,$4.072 trillion,1.79%,83369843,48845,4.05%,100.74,T,A,64.2,1447.0,475.0,492.0,480.0,2021.0,75.6655426025391
1972,United Kingdom,EconomicsMedicine,2,6,United Kingdom,3070670000000,$3.071 trillion,4.10%,67508936,45485,3.05%,99.12,T,A,64.2,1483.0,489.0,500.0,494.0,2022.0,82.6516494750977
1972,United States,ChemistryEconomicsMedicinePhysics,8,1,United States,25462700000000,$25.463 trillion,2.06%,338289857,75269,25.32%,97.43,T,A+,74.9,1468.0,465.0,499.0,504.0,2022.0,79.361930847168
1973,Austria,Medicine,2,32,Austria,471400000000,$471 billion,5.00%,8939617,52732,0.47%,98.38,T,A-,58.7,1458.0,487.0,491.0,480.0,2021.0,93.940071105957
1973,Germany,ChemistryPeace,2,4,Germany,4072190000000,$4.072 trillion,1.79%,83369843,48845,4.05%,100.74,T,A,64.2,1447.0,475.0,492.0,480.0,2021.0,75.6655426025391
1973,Japan,Physics,1,3,Japan,4231140000000,$4.231 trillion,1.03%,123951692,34135,4.21%,106.48,T,A-,58.9,1599.0,536.0,547.0,516.0,2021.0,63.1702690124512
1973,Netherlands,Medicine,1,18,Netherlands,991115000000,$991 billion,4.48%,17564014,56429,0.99%,100.74,T,A-,58.7,1440.0,493.0,488.0,459.0,2021.0,88.9542617797852
1973,Norway,Physics,1,24,Norway,579267000000,$579 billion,3.28%,5434319,106594,0.58%,97.13,T,B+,55.0,1423.0,468.0,478.0,477.0,2021.0,93.9243011474609
1973,Russia,Economics,1,8,Russia,2240420000000,$2.240 trillion,-2.07%,144713314,15482,2.23%,96.29,T,B,46.6,,,,,2022.0,56.617000579834
1973,United Kingdom,ChemistryLiteraturePhysics,3,6,United Kingdom,3070670000000,$3.071 trillion,4.10%,67508936,45485,3.05%,99.12,T,A,64.2,1483.0,489.0,500.0,494.0,2022.0,82.6516494750977
1973,Vietnam,Peace,1,35,Vietnam,408802000000,$409 billion,8.02%,98186856,4164,0.41%,89.53,T,C-,25.1,1403.0,469.0,472.0,462.0,2022.0,42.2239990234375
1974,Austria,Economics,1,32,Austria,471400000000,$471 billion,5.00%,8939617,52732,0.47%,98.38,T,A-,58.7,1458.0,487.0,491.0,480.0,2021.0,93.940071105957
1974,Belgium,Medicine,1,25,Belgium,578604000000,$579 billion,3.25%,11655930,49640,0.58%,97.49,T,A-,58.7,1459.0,489.0,491.0,479.0,2021.0,82.6882019042969
1974,France,Peace,1,7,France,2782910000000,$2.783 trillion,2.56%,64626628,43061,2.77%,96.69,T,A-,56.7,1435.0,474.0,487.0,474.0,2022.0,70.794189453125
1974,Japan,Peace,1,3,Japan,4231140000000,$4.231 trillion,1.03%,123951692,34135,4.21%,106.48,T,A-,58.9,1599.0,536.0,547.0,516.0,2021.0,63.1702690124512
1974,Romania,Medicine,1,44,Romania,301262000000,$301 billion,4.79%,19659267,15324,0.30%,86.88,T,C+,39.4,1284.0,428.0,428.0,428.0,2021.0,55.2656097412109
1974,Sweden,EconomicsLiterature,3,23,Sweden,585939000000,$586 billion,2.64%,10549347,55543,0.58%,97.0,T,A,61.6,1463.0,482.0,494.0,487.0,2022.0,83.8976135253906
1974,United Kingdom,MedicinePhysics,4,6,United Kingdom,3070670000000,$3.071 trillion,4.10%,67508936,45485,3.05%,99.12,T,A,64.2,1483.0,489.0,500.0,494.0,2022.0,82.6516494750977
1974,United States,Chemistry,1,1,United States,25462700000000,$25.463 trillion,2.06%,338289857,75269,25.32%,97.43,T,A+,74.9,1468.0,465.0,499.0,504.0,2022.0,79.361930847168
1975,Australia,Chemistry,1,12,Australia,1675420000000,$1.675 trillion,3.62%,26177413,64003,1.67%,99.24,T,A,64.0,1492.0,487.0,507.0,498.0,2022.0,106.240760803223
1975,Bosnia and Herzegovina,Chemistry,1,108,Bosnia and Herzegovina,24527507288,$24.53 billion,3.90%,3233526,7585,0.02%,88.54,T,C-,25.8,,,,,2022.0,44.6326713562012
1975,Denmark,Physics,1,39,Denmark,395404000000,$395 billion,3.82%,5882261,67220,0.39%,97.83,T,A,60.3,1472.0,489.0,494.0,489.0,2022.0,84.5866088867188
1975,Italy,LiteratureMedicine,2,10,Italy,2010430000000,$2.010 trillion,3.67%,59037474,34053,2.00%,94.23,T,B,48.0,1430.0,471.0,477.0,482.0,2021.0,71.2871170043945
1975,Netherlands,Economics,1,18,Netherlands,991115000000,$991 billion,4.48%,17564014,56429,0.99%,100.74,T,A-,58.7,1440.0,493.0,488.0,459.0,2021.0,88.9542617797852
1975,Russia,EconomicsPeace,2,8,Russia,2240420000000,$2.240 trillion,-2.07%,144713314,15482,2.23%,96.29,T,B,46.6,,,,,2022.0,56.617000579834
1975,United States,MedicinePhysics,4,1,United States,25462700000000,$25.463 trillion,2.06%,338289857,75269,25.32%,97.43,T,A+,74.9,1468.0,465.0,499.0,504.0,2022.0,79.361930847168
1976,Canada,Literature,1,9,Canada,2139840000000,$2.140 trillion,3.40%,38454327,55646,2.13%,99.52,T,A,61.2,1519.0,497.0,515.0,507.0,2021.0,77.8022918701172
1976,United Kingdom,Peace,2,6,United Kingdom,3070670000000,$3.071 trillion,4.10%,67508936,45485,3.05%,99.12,T,A,64.2,1483.0,489.0,500.0,494.0,2022.0,82.6516494750977
1976,United States,ChemistryEconomicsMedicinePhysics,6,1,United States,25462700000000,$25.463 trillion,2.06%,338289857,75269,25.32%,97.43,T,A+,74.9,1468.0,465.0,499.0,504.0,2022.0,79.361930847168
1977,France,Medicine,1,7,France,2782910000000,$2.783 trillion,2.56%,64626628,43061,2.77%,96.69,T,A-,56.7,1435.0,474.0,487.0,474.0,2022.0,70.794189453125
1977,Lithuania,Medicine,1,79,Lithuania,70334299008,$70.33 billion,1.89%,2750055,25576,0.07%,95.89,T,B,46.3,1431.0,475.0,484.0,472.0,2021.0,71.9093170166016
1977,Russia,Chemistry,2,8,Russia,2240420000000,$2.240 trillion,-2.07%,144713314,15482,2.23%,96.29,T,B,46.6,,,,,2022.0,56.617000579834
1977,Spain,Literature,1,15,Spain,1397510000000,$1.398 trillion,5.45%,47558630,29385,1.39%,93.9,T,B,49.8,1432.0,473.0,485.0,474.0,2021.0,94.5903778076172
1977,Sweden,Economics,1,23,Sweden,585939000000,$586 billion,2.64%,10549347,55543,0.58%,97.0,T,A,61.6,1463.0,482.0,494.0,487.0,2022.0,83.8976135253906
1977,United Kingdom,EconomicsPhysics,2,6,United Kingdom,3070670000000,$3.071 trillion,4.10%,67508936,45485,3.05%,99.12,T,A,64.2,1483.0,489.0,500.0,494.0,2022.0,82.6516494750977
1977,United States,MedicinePhysics,3,1,United States,25462700000000,$25.463 trillion,2.06%,338289857,75269,25.32%,97.43,T,A+,74.9,1468.0,465.0,499.0,504.0,2022.0,79.361930847168
1978,Belarus,Peace,1,76,Belarus,72793457588,$72.79 billion,-4.70%,9534954,7634,0.07%,101.6,T,,,,,,,2022.0,70.8675689697266
1978,Egypt,Peace,1,31,Egypt,476748000000,$477 billion,6.59%,110990103,4295,0.47%,76.32,T,D+,21.6,,,,,2022.0,37.8184509277344
1978,Germany,Physics,1,4,Germany,4072190000000,$4.072 trillion,1.79%,83369843,48845,4.05%,100.74,T,A,64.2,1447.0,475.0,492.0,480.0,2021.0,75.6655426025391
1978,Poland,Literature,1,21,Poland,688177000000,$688 billion,4.87%,39857145,17266,0.68%,96.35,T,B,45.6,1477.0,489.0,499.0,489.0,2022.0,73.979377746582
1978,Russia,Physics,1,8,Russia,2240420000000,$2.240 trillion,-2.07%,144713314,15482,2.23%,96.29,T,B,46.6,,,,,2022.0,56.617000579834
1978,Switzerland,Medicine,1,20,Switzerland,807706000000,$808 billion,2.06%,8740472,92410,0.80%,99.24,T,A,61.6,1494.0,508.0,503.0,483.0,2022.0,74.1526794433594
1978,United Kingdom,Chemistry,1,6,United Kingdom,3070670000000,$3.071 trillion,4.10%,67508936,45485,3.05%,99.12,T,A,64.2,1483.0,489.0,500.0,494.0,2022.0,82.6516494750977
1978,United States,EconomicsMedicinePhysics,4,1,United States,25462700000000,$25.463 trillion,2.06%,338289857,75269,25.32%,97.43,T,A+,74.9,1468.0,465.0,499.0,504.0,2022.0,79.361930847168
1979,Germany,Chemistry,1,4,Germany,4072190000000,$4.072 trillion,1.79%,83369843,48845,4.05%,100.74,T,A,64.2,1447.0,475.0,492.0,480.0,2021.0,75.6655426025391
1979,Greece,Literature,1,54,Greece,219066000000,$219 billion,5.91%,10384971,21095,0.22%,90.77,T,B-,40.1,1309.0,430.0,441.0,438.0,2021.0,150.201766967773
1979,Pakistan,Physics,2,41,Pakistan,376533000000,$377 billion,6.19%,235824862,1597,0.37%,80.0,T,D,19.6,,,,,2023.0,13.4290599822998
1979,Saint Lucia,Economics,1,161,Saint Lucia,2065027556,$2.07 billion,15.40%,179857,11481,0.00%,73.68,E,,,,,,,2022.0,16.2592697143555
1979,South Africa,Medicine,1,37,South Africa,405870000000,$406 billion,2.04%,59893885,6776,0.40%,68.87,T,C,33.0,,,,,2021.0,25.3566093444824
1979,United Kingdom,ChemistryMedicine,2,6,United Kingdom,3070670000000,$3.071 trillion,4.10%,67508936,45485,3.05%,99.12,T,A,64.2,1483.0,489.0,500.0,494.0,2022.0,82.6516494750977
1979,United States,EconomicsPhysics,3,1,United States,25462700000000,$25.463 trillion,2.06%,338289857,75269,25.32%,97.43,T,A+,74.9,1468.0,465.0,499.0,504.0,2022.0,79.361930847168
1980,Argentina,Peace,1,22,Argentina,632770000000,$633 billion,5.24%,45510318,13904,0.63%,86.63,T,B-,40.5,1185.0,378.0,406.0,401.0,2021.0,107.130661010742
1980,France,Medicine,1,7,France,2782910000000,$2.783 trillion,2.56%,64626628,43061,2.77%,96.69,T,A-,56.7,1435.0,474.0,487.0,474.0,2022.0,70.794189453125
1980,Lithuania,Literature,1,79,Lithuania,70334299008,$70.33 billion,1.89%,2750055,25576,0.07%,95.89,T,B,46.3,1431.0,475.0,484.0,472.0,2021.0,71.9093170166016
1980,United Kingdom,Chemistry,1,6,United Kingdom,3070670000000,$3.071 trillion,4.10%,67508936,45485,3.05%,99.12,T,A,64.2,1483.0,489.0,500.0,494.0,2022.0,82.6516494750977
1980,United States,ChemistryEconomicsMedicinePhysics,6,1,United States,25462700000000,$25.463 trillion,2.06%,338289857,75269,25.32%,97.43,T,A+,74.9,1468.0,465.0,499.0,504.0,2022.0,79.361930847168
1981,Bulgaria,Literature,1,68,Bulgaria,89040398406,$89.04 billion,3.36%,6781953,13129,0.09%,90.99,T,B-,43.3,1242.0,417.0,421.0,404.0,2021.0,74.0276489257812
1981,Canada,Medicine,1,9,Canada,2139840000000,$2.140 trillion,3.40%,38454327,55646,2.13%,99.52,T,A,61.2,1519.0,497.0,515.0,507.0,2021.0,77.8022918701172
1981,Japan,Chemistry,1,3,Japan,4231140000000,$4.231 trillion,1.03%,123951692,34135,4.21%,106.48,T,A-,58.9,1599.0,536.0,547.0,516.0,2021.0,63.1702690124512
1981,Netherlands,Physics,1,18,Netherlands,991115000000,$991 billion,4.48%,17564014,56429,0.99%,100.74,T,A-,58.7,1440.0,493.0,488.0,459.0,2021.0,88.9542617797852
1981,Sweden,MedicinePhysics,2,23,Sweden,585939000000,$586 billion,2.64%,10549347,55543,0.58%,97.0,T,A,61.6,1463.0,482.0,494.0,487.0,2022.0,83.8976135253906
1981,Ukraine,Chemistry,1,58,Ukraine,160503000000,$161 billion,-29.10%,39701739,4043,0.16%,90.07,T,C+,38.3,1319.0,441.0,450.0,428.0,2022.0,70.7210006713867
1981,United States,EconomicsMedicinePhysics,3,1,United States,25462700000000,$25.463 trillion,2.06%,338289857,75269,25.32%,97.43,T,A+,74.9,1468.0,465.0,499.0,504.0,2022.0,79.361930847168
1982,Colombia,Literature,1,43,Colombia,343939000000,$344 billion,7.50%,51874024,6630,0.34%,83.13,T,C-,27.9,1203.0,383.0,411.0,409.0,2022.0,59.2901382446289
1982,Lithuania,Chemistry,1,79,Lithuania,70334299008,$70.33 billion,1.89%,2750055,25576,0.07%,95.89,T,B,46.3,1431.0,475.0,484.0,472.0,2021.0,71.9093170166016
1982,Mexico,Peace,1,14,Mexico,1414190000000,$1.414 trillion,3.06%,127504125,11091,1.41%,87.73,T,C,30.7,1220.0,395.0,410.0,415.0,2022.0,46.4061317443848
1982,Sweden,MedicinePeace,3,23,Sweden,585939000000,$586 billion,2.64%,10549347,55543,0.58%,97.0,T,A,61.6,1463.0,482.0,494.0,487.0,2022.0,83.8976135253906
1982,United Kingdom,Medicine,1,6,United Kingdom,3070670000000,$3.071 trillion,4.10%,67508936,45485,3.05%,99.12,T,A,64.2,1483.0,489.0,500.0,494.0,2022.0,82.6516494750977
1982,United States,EconomicsPhysics,2,1,United States,25462700000000,$25.463 trillion,2.06%,338289857,75269,25.32%,97.43,T,A+,74.9,1468.0,465.0,499.0,504.0,2022.0,79.361930847168
1983,Canada,Chemistry,1,9,Canada,2139840000000,$2.140 trillion,3.40%,38454327,55646,2.13%,99.52,T,A,61.2,1519.0,497.0,515.0,507.0,2021.0,77.8022918701172
1983,France,Economics,1,7,France,2782910000000,$2.783 trillion,2.56%,64626628,43061,2.77%,96.69,T,A-,56.7,1435.0,474.0,487.0,474.0,2022.0,70.794189453125
1983,Pakistan,Physics,1,41,Pakistan,376533000000,$377 billion,6.19%,235824862,1597,0.37%,80.0,T,D,19.6,,,,,2023.0,13.4290599822998
1983,Poland,Peace,1,21,Poland,688177000000,$688 billion,4.87%,39857145,17266,0.68%,96.35,T,B,45.6,1477.0,489.0,499.0,489.0,2022.0,73.979377746582
1983,United Kingdom,Literature,1,6,United Kingdom,3070670000000,$3.071 trillion,4.10%,67508936,45485,3.05%,99.12,T,A,64.2,1483.0,489.0,500.0,494.0,2022.0,82.6516494750977
1983,United States,MedicinePhysics,2,1,United States,25462700000000,$25.463 trillion,2.06%,338289857,75269,25.32%,97.43,T,A+,74.9,1468.0,465.0,499.0,504.0,2022.0,79.361930847168
1984,Argentina,Medicine,1,22,Argentina,632770000000,$633 billion,5.24%,45510318,13904,0.63%,86.63,T,B-,40.5,1185.0,378.0,406.0,401.0,2021.0,107.130661010742
1984,Germany,Medicine,1,4,Germany,4072190000000,$4.072 trillion,1.79%,83369843,48845,4.05%,100.74,T,A,64.2,1447.0,475.0,492.0,480.0,2021.0,75.6655426025391
1984,Italy,Physics,1,10,Italy,2010430000000,$2.010 trillion,3.67%,59037474,34053,2.00%,94.23,T,B,48.0,1430.0,471.0,477.0,482.0,2021.0,71.2871170043945
1984,Netherlands,Physics,1,18,Netherlands,991115000000,$991 billion,4.48%,17564014,56429,0.99%,100.74,T,A-,58.7,1440.0,493.0,488.0,459.0,2021.0,88.9542617797852
1984,South Africa,Peace,1,37,South Africa,405870000000,$406 billion,2.04%,59893885,6776,0.40%,68.87,T,C,33.0,,,,,2021.0,25.3566093444824
1984,United Kingdom,EconomicsMedicine,2,6,United Kingdom,3070670000000,$3.071 trillion,4.10%,67508936,45485,3.05%,99.12,T,A,64.2,1483.0,489.0,500.0,494.0,2022.0,82.6516494750977
1984,United States,Chemistry,1,1,United States,25462700000000,$25.463 trillion,2.06%,338289857,75269,25.32%,97.43,T,A+,74.9,1468.0,465.0,499.0,504.0,2022.0,79.361930847168
1985,Italy,Economics,1,10,Italy,2010430000000,$2.010 trillion,3.67%,59037474,34053,2.00%,94.23,T,B,48.0,1430.0,471.0,477.0,482.0,2021.0,71.2871170043945
1985,Madagascar,Literature,1,129,Madagascar,14954967604,$14.95 billion,3.80%,29611714,505,0.01%,76.79,E,D-,9.0,,,,,2022.0,6.15096998214722
1985,Poland,Physics,1,21,Poland,688177000000,$688 billion,4.87%,39857145,17266,0.68%,96.35,T,B,45.6,1477.0,489.0,499.0,489.0,2022.0,73.979377746582
1985,United States,ChemistryMedicine,4,1,United States,25462700000000,$25.463 trillion,2.06%,338289857,75269,25.32%,97.43,T,A+,74.9,1468.0,465.0,499.0,504.0,2022.0,79.361930847168
1986,Germany,ChemistryPhysicsPhysics,3,4,Germany,4072190000000,$4.072 trillion,1.79%,83369843,48845,4.05%,100.74,T,A,64.2,1447.0,475.0,492.0,480.0,2021.0,75.6655426025391
1986,Italy,Medicine,1,10,Italy,2010430000000,$2.010 trillion,3.67%,59037474,34053,2.00%,94.23,T,B,48.0,1430.0,471.0,477.0,482.0,2021.0,71.2871170043945
1986,Nigeria,Literature,1,30,Nigeria,477386000000,$477 billion,3.25%,218541212,2184,0.47%,67.76,T,D-,13.9,,,,,2018.0,11.8109998703003
1986,Romania,Peace,1,44,Romania,301262000000,$301 billion,4.79%,19659267,15324,0.30%,86.88,T,C+,39.4,1284.0,428.0,428.0,428.0,2021.0,55.2656097412109
1986,Switzerland,Physics,1,20,Switzerland,807706000000,$808 billion,2.06%,8740472,92410,0.80%,99.24,T,A,61.6,1494.0,508.0,503.0,483.0,2022.0,74.1526794433594
1986,United States,ChemistryEconomicsMedicine,3,1,United States,25462700000000,$25.463 trillion,2.06%,338289857,75269,25.32%,97.43,T,A+,74.9,1468.0,465.0,499.0,504.0,2022.0,79.361930847168
1987,Costa Rica,Peace,1,81,Costa Rica,68380838316,$68.38 billion,4.31%,5180829,13199,0.07%,88.34,T,C,32.4,1211.0,385.0,411.0,415.0,2019.0,54.7189712524414
1987,France,Chemistry,2,7,France,2782910000000,$2.783 trillion,2.56%,64626628,43061,2.77%,96.69,T,A-,56.7,1435.0,474.0,487.0,474.0,2022.0,70.794189453125
1987,Germany,Physics,1,4,Germany,4072190000000,$4.072 trillion,1.79%,83369843,48845,4.05%,100.74,T,A,64.2,1447.0,475.0,492.0,480.0,2021.0,75.6655426025391
1987,Japan,Medicine,1,3,Japan,4231140000000,$4.231 trillion,1.03%,123951692,34135,4.21%,106.48,T,A-,58.9,1599.0,536.0,547.0,516.0,2021.0,63.1702690124512
1987,Russia,Literature,1,8,Russia,2240420000000,$2.240 trillion,-2.07%,144713314,15482,2.23%,96.29,T,B,46.6,,,,,2022.0,56.617000579834
1987,South Korea,Chemistry,1,13,South Korea,1665250000000,$1.665 trillion,2.56%,51815810,32138,1.66%,102.35,T,A-,56.4,1570.0,527.0,528.0,515.0,2022.0,103.276039123535
1987,Switzerland,Physics,1,20,Switzerland,807706000000,$808 billion,2.06%,8740472,92410,0.80%,99.24,T,A,61.6,1494.0,508.0,503.0,483.0,2022.0,74.1526794433594
1987,United States,ChemistryEconomics,2,1,United States,25462700000000,$25.463 trillion,2.06%,338289857,75269,25.32%,97.43,T,A+,74.9,1468.0,465.0,499.0,504.0,2022.0,79.361930847168
1988,Egypt,Literature,1,31,Egypt,476748000000,$477 billion,6.59%,110990103,4295,0.47%,76.32,T,D+,21.6,,,,,2022.0,37.8184509277344
1988,France,Economics,1,7,France,2782910000000,$2.783 trillion,2.56%,64626628,43061,2.77%,96.69,T,A-,56.7,1435.0,474.0,487.0,474.0,2022.0,70.794189453125
1988,Germany,ChemistryChemistryPhysics,5,4,Germany,4072190000000,$4.072 trillion,1.79%,83369843,48845,4.05%,100.74,T,A,64.2,1447.0,475.0,492.0,480.0,2021.0,75.6655426025391
1988,United Kingdom,Medicine,1,6,United Kingdom,3070670000000,$3.071 trillion,4.10%,67508936,45485,3.05%,99.12,T,A,64.2,1483.0,489.0,500.0,494.0,2022.0,82.6516494750977
1988,United States,MedicinePhysics,4,1,United States,25462700000000,$25.463 trillion,2.06%,338289857,75269,25.32%,97.43,T,A+,74.9,1468.0,465.0,499.0,504.0,2022.0,79.361930847168
1989,Canada,Chemistry,1,9,Canada,2139840000000,$2.140 trillion,3.40%,38454327,55646,2.13%,99.52,T,A,61.2,1519.0,497.0,515.0,507.0,2021.0,77.8022918701172
1989,Germany,PhysicsPhysics,2,4,Germany,4072190000000,$4.072 trillion,1.79%,83369843,48845,4.05%,100.74,T,A,64.2,1447.0,475.0,492.0,480.0,2021.0,75.6655426025391
1989,Norway,Economics,1,24,Norway,579267000000,$579 billion,3.28%,5434319,106594,0.58%,97.13,T,B+,55.0,1423.0,468.0,478.0,477.0,2021.0,93.9243011474609
1989,Spain,Literature,1,15,Spain,1397510000000,$1.398 trillion,5.45%,47558630,29385,1.39%,93.9,T,B,49.8,1432.0,473.0,485.0,474.0,2021.0,94.5903778076172
1989,United States,ChemistryMedicinePhysics,4,1,United States,25462700000000,$25.463 trillion,2.06%,338289857,75269,25.32%,97.43,T,A+,74.9,1468.0,465.0,499.0,504.0,2022.0,79.361930847168
1990,Canada,Physics,1,9,Canada,2139840000000,$2.140 trillion,3.40%,38454327,55646,2.13%,99.52,T,A,61.2,1519.0,497.0,515.0,507.0,2021.0,77.8022918701172
1990,Mexico,Literature,1,14,Mexico,1414190000000,$1.414 trillion,3.06%,127504125,11091,1.41%,87.73,T,C,30.7,1220.0,395.0,410.0,415.0,2022.0,46.4061317443848
1990,Russia,Peace,1,8,Russia,2240420000000,$2.240 trillion,-2.07%,144713314,15482,2.23%,96.29,T,B,46.6,,,,,2022.0,56.617000579834
1990,United States,ChemistryEconomicsMedicinePhysics,8,1,United States,25462700000000,$25.463 trillion,2.06%,338289857,75269,25.32%,97.43,T,A+,74.9,1468.0,465.0,499.0,504.0,2022.0,79.361930847168
1991,France,Physics,1,7,France,2782910000000,$2.783 trillion,2.56%,64626628,43061,2.77%,96.69,T,A-,56.7,1435.0,474.0,487.0,474.0,2022.0,70.794189453125
1991,Germany,Medicine,2,4,Germany,4072190000000,$4.072 trillion,1.79%,83369843,48845,4.05%,100.74,T,A,64.2,1447.0,475.0,492.0,480.0,2021.0,75.6655426025391
1991,Myanmar,Peace,1,84,Myanmar,59364362541,$59.36 billion,3.00%,54179306,1096,0.06%,91.18,E,,,,,,,2018.0,20.3939208984375
1991,South Africa,Literature,1,37,South Africa,405870000000,$406 billion,2.04%,59893885,6776,0.40%,68.87,T,C,33.0,,,,,2021.0,25.3566093444824
1991,Switzerland,Chemistry,1,20,Switzerland,807706000000,$808 billion,2.06%,8740472,92410,0.80%,99.24,T,A,61.6,1494.0,508.0,503.0,483.0,2022.0,74.1526794433594
1991,United Kingdom,Economics,1,6,United Kingdom,3070670000000,$3.071 trillion,4.10%,67508936,45485,3.05%,99.12,T,A,64.2,1483.0,489.0,500.0,494.0,2022.0,82.6516494750977
1992,Canada,Chemistry,1,9,Canada,2139840000000,$2.140 trillion,3.40%,38454327,55646,2.13%,99.52,T,A,61.2,1519.0,497.0,515.0,507.0,2021.0,77.8022918701172
1992,China,Medicine,1,2,China,17963200000000,$17.963 trillion,2.99%,1425887337,12598,17.86%,104.1,T,B,47.3,1605.0,552.0,543.0,510.0,2022.0,71.9815521240234
1992,Guatemala,Peace,1,67,Guatemala,95003333381,$95.00 billion,4.12%,17843908,5324,0.09%,47.72,T,D+,22.8,1091.0,344.0,373.0,374.0,2020.0,18.6940002441406
1992,Poland,Physics,2,21,Poland,688177000000,$688 billion,4.87%,39857145,17266,0.68%,96.35,T,B,45.6,1477.0,489.0,499.0,489.0,2022.0,73.979377746582
1992,Saint Lucia,Literature,1,161,Saint Lucia,2065027556,$2.07 billion,15.40%,179857,11481,0.00%,73.68,E,,,,,,,2022.0,16.2592697143555
1992,United States,EconomicsMedicine,2,1,United States,25462700000000,$25.463 trillion,2.06%,338289857,75269,25.32%,97.43,T,A+,74.9,1468.0,465.0,499.0,504.0,2022.0,79.361930847168
1993,South Africa,Peace,2,37,South Africa,405870000000,$406 billion,2.04%,59893885,6776,0.40%,68.87,T,C,33.0,,,,,2021.0,25.3566093444824
1993,United Kingdom,ChemistryMedicine,2,6,United Kingdom,3070670000000,$3.071 trillion,4.10%,67508936,45485,3.05%,99.12,T,A,64.2,1483.0,489.0,500.0,494.0,2022.0,82.6516494750977
1993,United States,ChemistryEconomicsLiteratureMedicinePhysics,7,1,United States,25462700000000,$25.463 trillion,2.06%,338289857,75269,25.32%,97.43,T,A+,74.9,1468.0,465.0,499.0,504.0,2022.0,79.361930847168
1994,Belarus,Peace,1,76,Belarus,72793457588,$72.79 billion,-4.70%,9534954,7634,0.07%,101.6,T,,,,,,,2022.0,70.8675689697266
1994,Canada,Physics,1,9,Canada,2139840000000,$2.140 trillion,3.40%,38454327,55646,2.13%,99.52,T,A,61.2,1519.0,497.0,515.0,507.0,2021.0,77.8022918701172
1994,Egypt,Peace,1,31,Egypt,476748000000,$477 billion,6.59%,110990103,4295,0.47%,76.32,T,D+,21.6,,,,,2022.0,37.8184509277344
1994,Hungary,ChemistryEconomics,2,57,Hungary,178789000000,$179 billion,4.58%,9967308,17938,0.18%,99.24,T,B,50.0,1432.0,473.0,486.0,473.0,2021.0,56.5243492126465
1994,Israel,Peace,1,27,Israel,522033000000,$522 billion,6.46%,9038309,57758,0.52%,92.43,T,B+,50.1,1397.0,458.0,465.0,474.0,2021.0,58.9942817687988
1994,Japan,Literature,1,3,Japan,4231140000000,$4.231 trillion,1.03%,123951692,34135,4.21%,106.48,T,A-,58.9,1599.0,536.0,547.0,516.0,2021.0,63.1702690124512
1994,Poland,Economics,1,21,Poland,688177000000,$688 billion,4.87%,39857145,17266,0.68%,96.35,T,B,45.6,1477.0,489.0,499.0,489.0,2022.0,73.979377746582
1994,United States,EconomicsMedicinePhysics,4,1,United States,25462700000000,$25.463 trillion,2.06%,338289857,75269,25.32%,97.43,T,A+,74.9,1468.0,465.0,499.0,504.0,2022.0,79.361930847168
1995,Germany,Medicine,1,4,Germany,4072190000000,$4.072 trillion,1.79%,83369843,48845,4.05%,100.74,T,A,64.2,1447.0,475.0,492.0,480.0,2021.0,75.6655426025391
1995,Mexico,Chemistry,1,14,Mexico,1414190000000,$1.414 trillion,3.06%,127504125,11091,1.41%,87.73,T,C,30.7,1220.0,395.0,410.0,415.0,2022.0,46.4061317443848
1995,Netherlands,Chemistry,1,18,Netherlands,991115000000,$991 billion,4.48%,17564014,56429,0.99%,100.74,T,A-,58.7,1440.0,493.0,488.0,459.0,2021.0,88.9542617797852
1995,Poland,Peace,1,21,Poland,688177000000,$688 billion,4.87%,39857145,17266,0.68%,96.35,T,B,45.6,1477.0,489.0,499.0,489.0,2022.0,73.979377746582
1995,United Kingdom,Literature,1,6,United Kingdom,3070670000000,$3.071 trillion,4.10%,67508936,45485,3.05%,99.12,T,A,64.2,1483.0,489.0,500.0,494.0,2022.0,82.6516494750977
1995,United States,ChemistryEconomicsMedicinePhysics,6,1,United States,25462700000000,$25.463 trillion,2.06%,338289857,75269,25.32%,97.43,T,A+,74.9,1468.0,465.0,499.0,504.0,2022.0,79.361930847168
1996,Australia,Medicine,1,12,Australia,1675420000000,$1.675 trillion,3.62%,26177413,64003,1.67%,99.24,T,A,64.0,1492.0,487.0,507.0,498.0,2022.0,106.240760803223
1996,Canada,Economics,1,9,Canada,2139840000000,$2.140 trillion,3.40%,38454327,55646,2.13%,99.52,T,A,61.2,1519.0,497.0,515.0,507.0,2021.0,77.8022918701172
1996,Poland,Literature,1,21,Poland,688177000000,$688 billion,4.87%,39857145,17266,0.68%,96.35,T,B,45.6,1477.0,489.0,499.0,489.0,2022.0,73.979377746582
1996,Switzerland,Medicine,1,20,Switzerland,807706000000,$808 billion,2.06%,8740472,92410,0.80%,99.24,T,A,61.6,1494.0,508.0,503.0,483.0,2022.0,74.1526794433594
1996,United Kingdom,ChemistryEconomics,2,6,United Kingdom,3070670000000,$3.071 trillion,4.10%,67508936,45485,3.05%,99.12,T,A,64.2,1483.0,489.0,500.0,494.0,2022.0,82.6516494750977
1996,United States,ChemistryPhysics,5,1,United States,25462700000000,$25.463 trillion,2.06%,338289857,75269,25.32%,97.43,T,A+,74.9,1468.0,465.0,499.0,504.0,2022.0,79.361930847168
1997,Algeria,Physics,2,55,Algeria,191913000000,$192 billion,3.10%,44903225,4274,0.19%,76.0,E,D,19.1,,,,,2022.0,53.4012489318848
1997,Canada,Economics,1,9,Canada,2139840000000,$2.140 trillion,3.40%,38454327,55646,2.13%,99.52,T,A,61.2,1519.0,497.0,515.0,507.0,2021.0,77.8022918701172
1997,Denmark,Chemistry,1,39,Denmark,395404000000,$395 billion,3.82%,5882261,67220,0.39%,97.83,T,A,60.3,1472.0,489.0,494.0,489.0,2022.0,84.5866088867188
1997,Italy,Literature,1,10,Italy,2010430000000,$2.010 trillion,3.67%,59037474,34053,2.00%,94.23,T,B,48.0,1430.0,471.0,477.0,482.0,2021.0,71.2871170043945
1997,United Kingdom,Chemistry,1,6,United Kingdom,3070670000000,$3.071 trillion,4.10%,67508936,45485,3.05%,99.12,T,A,64.2,1483.0,489.0,500.0,494.0,2022.0,82.6516494750977
1997,United States,ChemistryEconomicsMedicinePeacePhysics,6,1,United States,25462700000000,$25.463 trillion,2.06%,338289857,75269,25.32%,97.43,T,A+,74.9,1468.0,465.0,499.0,504.0,2022.0,79.361930847168
1998,Austria,Chemistry,1,32,Austria,471400000000,$471 billion,5.00%,8939617,52732,0.47%,98.38,T,A-,58.7,1458.0,487.0,491.0,480.0,2021.0,93.940071105957
1998,China,Physics,1,2,China,17963200000000,$17.963 trillion,2.99%,1425887337,12598,17.86%,104.1,T,B,47.3,1605.0,552.0,543.0,510.0,2022.0,71.9815521240234
1998,Germany,Physics,1,4,Germany,4072190000000,$4.072 trillion,1.79%,83369843,48845,4.05%,100.74,T,A,64.2,1447.0,475.0,492.0,480.0,2021.0,75.6655426025391
1998,India,Economics,1,5,India,3385090000000,$3.385 trillion,7.00%,1417173173,2389,3.37%,76.24,T,C-,29.4,,,,,2023.0,33.117000579834
1998,Portugal,Literature,1,49,Portugal,251945000000,$252 billion,6.69%,10270865,24530,0.25%,92.77,T,B-,44.8,1433.0,472.0,484.0,477.0,2021.0,71.8742980957031
1998,United Kingdom,ChemistryPeace,3,6,United Kingdom,3070670000000,$3.071 trillion,4.10%,67508936,45485,3.05%,99.12,T,A,64.2,1483.0,489.0,500.0,494.0,2022.0,82.6516494750977
1998,United States,MedicinePhysics,4,1,United States,25462700000000,$25.463 trillion,2.06%,338289857,75269,25.32%,97.43,T,A+,74.9,1468.0,465.0,499.0,504.0,2022.0,79.361930847168
1999,Canada,Economics,1,9,Canada,2139840000000,$2.140 trillion,3.40%,38454327,55646,2.13%,99.52,T,A,61.2,1519.0,497.0,515.0,507.0,2021.0,77.8022918701172
1999,Egypt,Chemistry,1,31,Egypt,476748000000,$477 billion,6.59%,110990103,4295,0.47%,76.32,T,D+,21.6,,,,,2022.0,37.8184509277344
1999,Netherlands,Physics,2,18,Netherlands,991115000000,$991 billion,4.48%,17564014,56429,0.99%,100.74,T,A-,58.7,1440.0,493.0,488.0,459.0,2021.0,88.9542617797852
1999,Poland,LiteratureMedicine,3,21,Poland,688177000000,$688 billion,4.87%,39857145,17266,0.68%,96.35,T,B,45.6,1477.0,489.0,499.0,489.0,2022.0,73.979377746582
2000,Austria,Medicine,1,32,Austria,471400000000,$471 billion,5.00%,8939617,52732,0.47%,98.38,T,A-,58.7,1458.0,487.0,491.0,480.0,2021.0,93.940071105957
2000,Belarus,Physics,1,76,Belarus,72793457588,$72.79 billion,-4.70%,9534954,7634,0.07%,101.6,T,,,,,,,2022.0,70.8675689697266
2000,China,Literature,1,2,China,17963200000000,$17.963 trillion,2.99%,1425887337,12598,17.86%,104.1,T,B,47.3,1605.0,552.0,543.0,510.0,2022.0,71.9815521240234
2000,Germany,Physics,1,4,Germany,4072190000000,$4.072 trillion,1.79%,83369843,48845,4.05%,100.74,T,A,64.2,1447.0,475.0,492.0,480.0,2021.0,75.6655426025391
2000,Japan,Chemistry,1,3,Japan,4231140000000,$4.231 trillion,1.03%,123951692,34135,4.21%,106.48,T,A-,58.9,1599.0,536.0,547.0,516.0,2021.0,63.1702690124512
2000,New Zealand,Chemistry,1,50,New Zealand,247234000000,$247 billion,2.16%,5185288,47680,0.25%,98.57,T,A-,57.3,1484.0,479.0,504.0,501.0,2021.0,79.4128875732422
2000,South Korea,Peace,1,13,South Korea,1665250000000,$1.665 trillion,2.56%,51815810,32138,1.66%,102.35,T,A-,56.4,1570.0,527.0,528.0,515.0,2022.0,103.276039123535
2000,Sweden,Medicine,1,23,Sweden,585939000000,$586 billion,2.64%,10549347,55543,0.58%,97.0,T,A,61.6,1463.0,482.0,494.0,487.0,2022.0,83.8976135253906
2000,United States,ChemistryEconomicsMedicinePhysics,5,1,United States,25462700000000,$25.463 trillion,2.06%,338289857,75269,25.32%,97.43,T,A+,74.9,1468.0,465.0,499.0,504.0,2022.0,79.361930847168
2001,Germany,Physics,1,4,Germany,4072190000000,$4.072 trillion,1.79%,83369843,48845,4.05%,100.74,T,A,64.2,1447.0,475.0,492.0,480.0,2021.0,75.6655426025391
2001,Ghana,Peace,1,75,Ghana,72838798788,$72.84 billion,3.24%,33475870,2176,0.07%,58.16,T,D,17.4,,,,,2022.0,20.3897304534912
2001,Japan,Chemistry,1,3,Japan,4231140000000,$4.231 trillion,1.03%,123951692,34135,4.21%,106.48,T,A-,58.9,1599.0,536.0,547.0,516.0,2021.0,63.1702690124512
2001,Trinidad and Tobago,Literature,1,104,Trinidad and Tobago,27899082337,$27.90 billion,2.48%,1531044,18222,0.03%,85.0,,,,,,,,2004.0,11.5449304580688
2001,United Kingdom,Medicine,2,6,United Kingdom,3070670000000,$3.071 trillion,4.10%,67508936,45485,3.05%,99.12,T,A,64.2,1483.0,489.0,500.0,494.0,2022.0,82.6516494750977
2001,United States,ChemistryEconomicsMedicinePhysics,8,1,United States,25462700000000,$25.463 trillion,2.06%,338289857,75269,25.32%,97.43,T,A+,74.9,1468.0,465.0,499.0,504.0,2022.0,79.361930847168
2002,Hungary,Literature,1,57,Hungary,178789000000,$179 billion,4.58%,9967308,17938,0.18%,99.24,T,B,50.0,1432.0,473.0,486.0,473.0,2021.0,56.5243492126465
2002,Israel,Economics,1,27,Israel,522033000000,$522 billion,6.46%,9038309,57758,0.52%,92.43,T,B+,50.1,1397.0,458.0,465.0,474.0,2021.0,58.9942817687988
2002,Italy,Physics,1,10,Italy,2010430000000,$2.010 trillion,3.67%,59037474,34053,2.00%,94.23,T,B,48.0,1430.0,471.0,477.0,482.0,2021.0,71.2871170043945
2002,Japan,ChemistryPhysics,2,3,Japan,4231140000000,$4.231 trillion,1.03%,123951692,34135,4.21%,106.48,T,A-,58.9,1599.0,536.0,547.0,516.0,2021.0,63.1702690124512
2002,South Africa,Medicine,1,37,South Africa,405870000000,$406 billion,2.04%,59893885,6776,0.40%,68.87,T,C,33.0,,,,,2021.0,25.3566093444824
2002,Switzerland,Chemistry,2,20,Switzerland,807706000000,$808 billion,2.06%,8740472,92410,0.80%,99.24,T,A,61.6,1494.0,508.0,503.0,483.0,2022.0,74.1526794433594
2002,United Kingdom,Medicine,1,6,United Kingdom,3070670000000,$3.071 trillion,4.10%,67508936,45485,3.05%,99.12,T,A,64.2,1483.0,489.0,500.0,494.0,2022.0,82.6516494750977
2002,United States,ChemistryEconomicsMedicinePeacePhysics,5,1,United States,25462700000000,$25.463 trillion,2.06%,338289857,75269,25.32%,97.43,T,A+,74.9,1468.0,465.0,499.0,504.0,2022.0,79.361930847168
2003,Iran,Peace,1,40,Iran,388544000000,$389 billion,2.75%,88550570,4388,0.39%,80.01,T,C-,25.5,,,,,2022.0,60.6945381164551
2003,Russia,PhysicsPhysics,2,8,Russia,2240420000000,$2.240 trillion,-2.07%,144713314,15482,2.23%,96.29,T,B,46.6,,,,,2022.0,56.617000579834
2003,South Africa,Literature,1,37,South Africa,405870000000,$406 billion,2.04%,59893885,6776,0.40%,68.87,T,C,33.0,,,,,2021.0,25.3566093444824
2003,United Kingdom,EconomicsMedicinePhysics,3,6,United Kingdom,3070670000000,$3.071 trillion,4.10%,67508936,45485,3.05%,99.12,T,A,64.2,1483.0,489.0,500.0,494.0,2022.0,82.6516494750977
2003,United States,ChemistryEconomicsMedicine,5,1,United States,25462700000000,$25.463 trillion,2.06%,338289857,75269,25.32%,97.43,T,A+,74.9,1468.0,465.0,499.0,504.0,2022.0,79.361930847168
2004,Austria,Literature,1,32,Austria,471400000000,$471 billion,5.00%,8939617,52732,0.47%,98.38,T,A-,58.7,1458.0,487.0,491.0,480.0,2021.0,93.940071105957
2004,Hungary,Chemistry,1,57,Hungary,178789000000,$179 billion,4.58%,9967308,17938,0.18%,99.24,T,B,50.0,1432.0,473.0,486.0,473.0,2021.0,56.5243492126465
2004,Israel,Chemistry,1,27,Israel,522033000000,$522 billion,6.46%,9038309,57758,0.52%,92.43,T,B+,50.1,1397.0,458.0,465.0,474.0,2021.0,58.9942817687988
2004,Kenya,Peace,1,65,Kenya,113420000000,$113 billion,4.85%,54027487,2099,0.11%,75.2,T,D,19.3,,,,,2022.0,20.4829998016357
2004,Norway,Economics,2,24,Norway,579267000000,$579 billion,3.28%,5434319,106594,0.58%,97.13,T,B+,55.0,1423.0,468.0,478.0,477.0,2021.0,93.9243011474609
2004,United States,ChemistryEconomicsMedicinePhysics,8,1,United States,25462700000000,$25.463 trillion,2.06%,338289857,75269,25.32%,97.43,T,A+,74.9,1468.0,465.0,499.0,504.0,2022.0,79.361930847168
2005,Australia,Medicine,3,12,Australia,1675420000000,$1.675 trillion,3.62%,26177413,64003,1.67%,99.24,T,A,64.0,1492.0,487.0,507.0,498.0,2022.0,106.240760803223
2005,Belgium,Chemistry,1,25,Belgium,578604000000,$579 billion,3.25%,11655930,49640,0.58%,97.49,T,A-,58.7,1459.0,489.0,491.0,479.0,2021.0,82.6882019042969
2005,Egypt,Peace,1,31,Egypt,476748000000,$477 billion,6.59%,110990103,4295,0.47%,76.32,T,D+,21.6,,,,,2022.0,37.8184509277344
2005,Germany,EconomicsPhysics,3,4,Germany,4072190000000,$4.072 trillion,1.79%,83369843,48845,4.05%,100.74,T,A,64.2,1447.0,475.0,492.0,480.0,2021.0,75.6655426025391
2005,United Kingdom,Literature,1,6,United Kingdom,3070670000000,$3.071 trillion,4.10%,67508936,45485,3.05%,99.12,T,A,64.2,1483.0,489.0,500.0,494.0,2022.0,82.6516494750977
2005,United States,ChemistryEconomicsPhysics,6,1,United States,25462700000000,$25.463 trillion,2.06%,338289857,75269,25.32%,97.43,T,A+,74.9,1468.0,465.0,499.0,504.0,2022.0,79.361930847168
2006,Bangladesh,Peace,1,34,Bangladesh,460201000000,$460 billion,7.10%,171186372,2688,0.46%,74.33,T,D,16.9,,,,,2022.0,22.8400001525879
2006,Turkey,Literature,1,19,Turkey,905988000000,$906 billion,5.57%,85341241,10616,0.90%,86.8,T,C,33.4,1385.0,453.0,476.0,456.0,2021.0,125.763786315918
2006,United States,ChemistryEconomicsMedicinePhysics,6,1,United States,25462700000000,$25.463 trillion,2.06%,338289857,75269,25.32%,97.43,T,A+,74.9,1468.0,465.0,499.0,504.0,2022.0,79.361930847168
2007,France,Physics,2,7,France,2782910000000,$2.783 trillion,2.56%,64626628,43061,2.77%,96.69,T,A-,56.7,1435.0,474.0,487.0,474.0,2022.0,70.794189453125
2007,Germany,Chemistry,1,4,Germany,4072190000000,$4.072 trillion,1.79%,83369843,48845,4.05%,100.74,T,A,64.2,1447.0,475.0,492.0,480.0,2021.0,75.6655426025391
2007,Iran,Literature,1,40,Iran,388544000000,$389 billion,2.75%,88550570,4388,0.39%,80.01,T,C-,25.5,,,,,2022.0,60.6945381164551
2007,Italy,Medicine,2,10,Italy,2010430000000,$2.010 trillion,3.67%,59037474,34053,2.00%,94.23,T,B,48.0,1430.0,471.0,477.0,482.0,2021.0,71.2871170043945
2007,Russia,Economics,1,8,Russia,2240420000000,$2.240 trillion,-2.07%,144713314,15482,2.23%,96.29,T,B,46.6,,,,,2022.0,56.617000579834
2007,United Kingdom,Medicine,2,6,United Kingdom,3070670000000,$3.071 trillion,4.10%,67508936,45485,3.05%,99.12,T,A,64.2,1483.0,489.0,500.0,494.0,2022.0,82.6516494750977
2007,United States,EconomicsPeace,3,1,United States,25462700000000,$25.463 trillion,2.06%,338289857,75269,25.32%,97.43,T,A+,74.9,1468.0,465.0,499.0,504.0,2022.0,79.361930847168
2008,Finland,Peace,1,47,Finland,280826000000,$281 billion,2.08%,5540745,50684,0.28%,101.2,T,A,60.5,1485.0,484.0,511.0,490.0,2022.0,104.944221496582
2008,France,LiteratureMedicine,3,7,France,2782910000000,$2.783 trillion,2.56%,64626628,43061,2.77%,96.69,T,A-,56.7,1435.0,474.0,487.0,474.0,2022.0,70.794189453125
2008,Germany,Medicine,1,4,Germany,4072190000000,$4.072 trillion,1.79%,83369843,48845,4.05%,100.74,T,A,64.2,1447.0,475.0,492.0,480.0,2021.0,75.6655426025391
2008,Japan,ChemistryPhysics,6,3,Japan,4231140000000,$4.231 trillion,1.03%,123951692,34135,4.21%,106.48,T,A-,58.9,1599.0,536.0,547.0,516.0,2021.0,63.1702690124512
2008,United States,ChemistryEconomics,4,1,United States,25462700000000,$25.463 trillion,2.06%,338289857,75269,25.32%,97.43,T,A+,74.9,1468.0,465.0,499.0,504.0,2022.0,79.361930847168
2009,Australia,Medicine,1,12,Australia,1675420000000,$1.675 trillion,3.62%,26177413,64003,1.67%,99.24,T,A,64.0,1492.0,487.0,507.0,498.0,2022.0,106.240760803223
2009,Canada,Physics,1,9,Canada,2139840000000,$2.140 trillion,3.40%,38454327,55646,2.13%,99.52,T,A,61.2,1519.0,497.0,515.0,507.0,2021.0,77.8022918701172
2009,China,Physics,2,2,China,17963200000000,$17.963 trillion,2.99%,1425887337,12598,17.86%,104.1,T,B,47.3,1605.0,552.0,543.0,510.0,2022.0,71.9815521240234
2009,India,Chemistry,1,5,India,3385090000000,$3.385 trillion,7.00%,1417173173,2389,3.37%,76.24,T,C-,29.4,,,,,2023.0,33.117000579834
2009,Israel,Chemistry,1,27,Israel,522033000000,$522 billion,6.46%,9038309,57758,0.52%,92.43,T,B+,50.1,1397.0,458.0,465.0,474.0,2021.0,58.9942817687988
2009,Romania,Literature,1,44,Romania,301262000000,$301 billion,4.79%,19659267,15324,0.30%,86.88,T,C+,39.4,1284.0,428.0,428.0,428.0,2021.0,55.2656097412109
2009,United Kingdom,Medicine,3,6,United Kingdom,3070670000000,$3.071 trillion,4.10%,67508936,45485,3.05%,99.12,T,A,64.2,1483.0,489.0,500.0,494.0,2022.0,82.6516494750977
2009,United States,ChemistryEconomicsMedicinePeacePhysics,8,1,United States,25462700000000,$25.463 trillion,2.06%,338289857,75269,25.32%,97.43,T,A+,74.9,1468.0,465.0,499.0,504.0,2022.0,79.361930847168
2010,China,ChemistryPeace,2,2,China,17963200000000,$17.963 trillion,2.99%,1425887337,12598,17.86%,104.1,T,B,47.3,1605.0,552.0,543.0,510.0,2022.0,71.9815521240234
2010,Cyprus,Economics,1,103,Cyprus,28439052741,$28.44 billion,5.63%,1251488,22724,0.03%,93.39,T,C+,38.5,1210.0,418.0,411.0,381.0,2021.0,96.5377883911133
2010,Japan,Chemistry,1,3,Japan,4231140000000,$4.231 trillion,1.03%,123951692,34135,4.21%,106.48,T,A-,58.9,1599.0,536.0,547.0,516.0,2021.0,63.1702690124512
2010,Peru,Literature,1,51,Peru,242632000000,$243 billion,2.68%,34049588,7126,0.24%,81.44,T,C-,28.0,1207.0,391.0,408.0,408.0,2017.0,71.2465515136719
2010,Russia,Physics,2,8,Russia,2240420000000,$2.240 trillion,-2.07%,144713314,15482,2.23%,96.29,T,B,46.6,,,,,2022.0,56.617000579834
2010,United Kingdom,Medicine,1,6,United Kingdom,3070670000000,$3.071 trillion,4.10%,67508936,45485,3.05%,99.12,T,A,64.2,1483.0,489.0,500.0,494.0,2022.0,82.6516494750977
2010,United States,ChemistryEconomics,4,1,United States,25462700000000,$25.463 trillion,2.06%,338289857,75269,25.32%,97.43,T,A+,74.9,1468.0,465.0,499.0,504.0,2022.0,79.361930847168
2011,Canada,Medicine,1,9,Canada,2139840000000,$2.140 trillion,3.40%,38454327,55646,2.13%,99.52,T,A,61.2,1519.0,497.0,515.0,507.0,2021.0,77.8022918701172
2011,Israel,Chemistry,1,27,Israel,522033000000,$522 billion,6.46%,9038309,57758,0.52%,92.43,T,B+,50.1,1397.0,458.0,465.0,474.0,2021.0,58.9942817687988
2011,Liberia,Peace,2,150,Liberia,4001047150,$4.00 billion,4.81%,5302681,755,0.00%,45.07,E,,,,,,,2012.0,11.2590703964233
2011,Luxembourg,Medicine,1,69,Luxembourg,82274812251,$82.27 billion,1.55%,647599,127046,0.08%,99.87,E,B+,53.8,,,,,2021.0,20.7341499328613
2011,Sweden,Literature,1,23,Sweden,585939000000,$586 billion,2.64%,10549347,55543,0.58%,97.0,T,A,61.6,1463.0,482.0,494.0,487.0,2022.0,83.8976135253906
2011,United States,EconomicsMedicinePhysics,9,1,United States,25462700000000,$25.463 trillion,2.06%,338289857,75269,25.32%,97.43,T,A+,74.9,1468.0,465.0,499.0,504.0,2022.0,79.361930847168
2012,China,Literature,1,2,China,17963200000000,$17.963 trillion,2.99%,1425887337,12598,17.86%,104.1,T,B,47.3,1605.0,552.0,543.0,510.0,2022.0,71.9815521240234
2012,Japan,Medicine,2,3,Japan,4231140000000,$4.231 trillion,1.03%,123951692,34135,4.21%,106.48,T,A-,58.9,1599.0,536.0,547.0,516.0,2021.0,63.1702690124512
2012,Morocco,Physics,2,59,Morocco,134182000000,$134 billion,1.08%,37457971,3582,0.13%,67.03,T,D+,22.6,1069.0,365.0,365.0,339.0,2022.0,46.1795501708984
2012,United Kingdom,Medicine,1,6,United Kingdom,3070670000000,$3.071 trillion,4.10%,67508936,45485,3.05%,99.12,T,A,64.2,1483.0,489.0,500.0,494.0,2022.0,82.6516494750977
2012,United States,ChemistryEconomicsPhysics,8,1,United States,25462700000000,$25.463 trillion,2.06%,338289857,75269,25.32%,97.43,T,A+,74.9,1468.0,465.0,499.0,504.0,2022.0,79.361930847168
2013,Austria,Chemistry,2,32,Austria,471400000000,$471 billion,5.00%,8939617,52732,0.47%,98.38,T,A-,58.7,1458.0,487.0,491.0,480.0,2021.0,93.940071105957
2013,Belgium,Physics,1,25,Belgium,578604000000,$579 billion,3.25%,11655930,49640,0.58%,97.49,T,A-,58.7,1459.0,489.0,491.0,479.0,2021.0,82.6882019042969
2013,Canada,Literature,1,9,Canada,2139840000000,$2.140 trillion,3.40%,38454327,55646,2.13%,99.52,T,A,61.2,1519.0,497.0,515.0,507.0,2021.0,77.8022918701172
2013,Germany,Medicine,2,4,Germany,4072190000000,$4.072 trillion,1.79%,83369843,48845,4.05%,100.74,T,A,64.2,1447.0,475.0,492.0,480.0,2021.0,75.6655426025391
2013,Israel,Chemistry,1,27,Israel,522033000000,$522 billion,6.46%,9038309,57758,0.52%,92.43,T,B+,50.1,1397.0,458.0,465.0,474.0,2021.0,58.9942817687988
2013,South Africa,Chemistry,1,37,South Africa,405870000000,$406 billion,2.04%,59893885,6776,0.40%,68.87,T,C,33.0,,,,,2021.0,25.3566093444824
2013,United Kingdom,Physics,1,6,United Kingdom,3070670000000,$3.071 trillion,4.10%,67508936,45485,3.05%,99.12,T,A,64.2,1483.0,489.0,500.0,494.0,2022.0,82.6516494750977
2013,United States,EconomicsMedicine,6,1,United States,25462700000000,$25.463 trillion,2.06%,338289857,75269,25.32%,97.43,T,A+,74.9,1468.0,465.0,499.0,504.0,2022.0,79.361930847168
2014,France,EconomicsLiterature,2,7,France,2782910000000,$2.783 trillion,2.56%,64626628,43061,2.77%,96.69,T,A-,56.7,1435.0,474.0,487.0,474.0,2022.0,70.794189453125
2014,India,Peace,1,5,India,3385090000000,$3.385 trillion,7.00%,1417173173,2389,3.37%,76.24,T,C-,29.4,,,,,2023.0,33.117000579834
2014,Japan,Physics,4,3,Japan,4231140000000,$4.231 trillion,1.03%,123951692,34135,4.21%,106.48,T,A-,58.9,1599.0,536.0,547.0,516.0,2021.0,63.1702690124512
2014,Norway,Medicine,2,24,Norway,579267000000,$579 billion,3.28%,5434319,106594,0.58%,97.13,T,B+,55.0,1423.0,468.0,478.0,477.0,2021.0,93.9243011474609
2014,Pakistan,Peace,1,41,Pakistan,376533000000,$377 billion,6.19%,235824862,1597,0.37%,80.0,T,D,19.6,,,,,2023.0,13.4290599822998
2014,Romania,Chemistry,2,44,Romania,301262000000,$301 billion,4.79%,19659267,15324,0.30%,86.88,T,C+,39.4,1284.0,428.0,428.0,428.0,2021.0,55.2656097412109
2014,United States,ChemistryMedicine,3,1,United States,25462700000000,$25.463 trillion,2.06%,338289857,75269,25.32%,97.43,T,A+,74.9,1468.0,465.0,499.0,504.0,2022.0,79.361930847168
2015,Canada,Physics,1,9,Canada,2139840000000,$2.140 trillion,3.40%,38454327,55646,2.13%,99.52,T,A,61.2,1519.0,497.0,515.0,507.0,2021.0,77.8022918701172
2015,China,Medicine,1,2,China,17963200000000,$17.963 trillion,2.99%,1425887337,12598,17.86%,104.1,T,B,47.3,1605.0,552.0,543.0,510.0,2022.0,71.9815521240234
2015,Ireland,Medicine,1,26,Ireland,529245000000,$529 billion,11.97%,5023109,105362,0.53%,95.13,T,B+,53.6,1512.0,492.0,504.0,516.0,2021.0,78.7776031494141
2015,Japan,MedicinePhysics,2,3,Japan,4231140000000,$4.231 trillion,1.03%,123951692,34135,4.21%,106.48,T,A-,58.9,1599.0,536.0,547.0,516.0,2021.0,63.1702690124512
2015,Sweden,Chemistry,2,23,Sweden,585939000000,$586 billion,2.64%,10549347,55543,0.58%,97.0,T,A,61.6,1463.0,482.0,494.0,487.0,2022.0,83.8976135253906
2015,Turkey,Chemistry,1,19,Turkey,905988000000,$906 billion,5.57%,85341241,10616,0.90%,86.8,T,C,33.4,1385.0,453.0,476.0,456.0,2021.0,125.763786315918
2015,Ukraine,Literature,1,58,Ukraine,160503000000,$161 billion,-29.10%,39701739,4043,0.16%,90.07,T,C+,38.3,1319.0,441.0,450.0,428.0,2022.0,70.7210006713867
2015,United Kingdom,Economics,1,6,United Kingdom,3070670000000,$3.071 trillion,4.10%,67508936,45485,3.05%,99.12,T,A,64.2,1483.0,489.0,500.0,494.0,2022.0,82.6516494750977
2015,United States,Chemistry,2,1,United States,25462700000000,$25.463 trillion,2.06%,338289857,75269,25.32%,97.43,T,A+,74.9,1468.0,465.0,499.0,504.0,2022.0,79.361930847168
2016,Colombia,Peace,1,43,Colombia,343939000000,$344 billion,7.50%,51874024,6630,0.34%,83.13,T,C-,27.9,1203.0,383.0,411.0,409.0,2022.0,59.2901382446289
2016,Finland,Economics,1,47,Finland,280826000000,$281 billion,2.08%,5540745,50684,0.28%,101.2,T,A,60.5,1485.0,484.0,511.0,490.0,2022.0,104.944221496582
2016,France,Chemistry,1,7,France,2782910000000,$2.783 trillion,2.56%,64626628,43061,2.77%,96.69,T,A-,56.7,1435.0,474.0,487.0,474.0,2022.0,70.794189453125
2016,Japan,Medicine,1,3,Japan,4231140000000,$4.231 trillion,1.03%,123951692,34135,4.21%,106.48,T,A-,58.9,1599.0,536.0,547.0,516.0,2021.0,63.1702690124512
2016,Netherlands,Chemistry,1,18,Netherlands,991115000000,$991 billion,4.48%,17564014,56429,0.99%,100.74,T,A-,58.7,1440.0,493.0,488.0,459.0,2021.0,88.9542617797852
2016,United Kingdom,ChemistryEconomicsPhysics,5,6,United Kingdom,3070670000000,$3.071 trillion,4.10%,67508936,45485,3.05%,99.12,T,A,64.2,1483.0,489.0,500.0,494.0,2022.0,82.6516494750977
2016,United States,Literature,1,1,United States,25462700000000,$25.463 trillion,2.06%,338289857,75269,25.32%,97.43,T,A+,74.9,1468.0,465.0,499.0,504.0,2022.0,79.361930847168
